decision_id,university_name,official_homepage_url,recruitment_page_url,decision,review_notes,reviewed_by,reviewed_at_utc
R3JhbiBTYXNzbyBTY2llbmNlIEluc3RpdHV0ZXx8aHR0cHM6Ly93d3cuZ3NzaS5pdC98fA,Gran Sasso Science Institute,https://www.gssi.it/,,accepted,,,2026-05-17T15:06:43.879Z
SVVTUyBQYXZpYXx8aHR0cHM6Ly93d3cuaXVzc3BhdmlhLml0L3x8,IUSS Pavia,https://www.iusspavia.it/,,accepted,,,2026-05-17T15:06:43.879Z
TGliZXJhIFVuaXZlcnNpdMOgIGRpIEJvbHphbm98fGh0dHBzOi8vd3d3LnVuaWJ6Lml0L3x8aHR0cHM6Ly93d3cudW5pYnouaXQvaXQvaG9tZS9wb3NpdGlvbi1jYWxscy8,Libera Università di Bolzano,https://www.unibz.it/,https://www.unibz.it/it/home/position-calls/,accepted,,,2026-05-17T15:06:43.879Z
TGliZXJhIFVuaXZlcnNpdMOgIGRpIExpbmd1ZSBlIENvbXVuaWNhemlvbmUgSVVMTXx8aHR0cHM6Ly93d3cuaXVsbS5pdC98fA,Libera Università di Lingue e Comunicazione IULM,https://www.iulm.it/,,accepted,,,2026-05-17T15:06:43.879Z
TFVJU1MgR3VpZG8gQ2FybGl8fGh0dHBzOi8vd3d3Lmx1aXNzLml0L3x8,LUISS Guido Carli,https://www.luiss.it/,,accepted,,,2026-05-17T15:06:43.879Z
TFVNU0F8fGh0dHBzOi8vd3d3Lmx1bXNhLml0L3x8,LUMSA,https://www.lumsa.it/,,accepted,,,2026-05-17T15:06:43.879Z
UG9saXRlY25pY28gZGkgTWlsYW5vfHxodHRwczovL3d3dy5wb2xpbWkuaXQvfHxodHRwczovL3d3dy5wb2xpbWkuaXQvZG9jZW50aS1lLXJpY2VyY2F0b3JpL2JhbmRpLWUtY29uY29yc2k,Politecnico di Milano,https://www.polimi.it/,https://www.polimi.it/docenti-e-ricercatori/bandi-e-concorsi,accepted,,,2026-05-17T15:06:43.879Z
UG9saXRlY25pY28gZGkgVG9yaW5vfHxodHRwczovL3d3dy5wb2xpdG8uaXQvfHxodHRwczovL3d3dy5wb2xpdG8uaXQvYXRlbmVvL2xhdm9yYS1jb24tbm9p,Politecnico di Torino,https://www.polito.it/,https://www.polito.it/ateneo/lavora-con-noi,accepted,,,2026-05-17T15:06:43.879Z
U2FwaWVuemEgVW5pdmVyc2l0w6AgZGkgUm9tYXx8aHR0cHM6Ly93d3cudW5pcm9tYTEuaXQvfHxodHRwczovL3d3dy51bmlyb21hMS5pdC9pdC9wYWdpbmEvY29uY29yc2k,Sapienza Università di Roma,https://www.uniroma1.it/,https://www.uniroma1.it/it/pagina/concorsi,accepted,,,2026-05-17T15:06:43.879Z
U2N1b2xhIElNVCBBbHRpIFN0dWRpIEx1Y2NhfHxodHRwczovL3d3dy5pbXRsdWNjYS5pdC98fA,Scuola IMT Alti Studi Lucca,https://www.imtlucca.it/,,accepted,,,2026-05-17T15:06:43.879Z
U2N1b2xhIE5vcm1hbGUgU3VwZXJpb3JlfHxodHRwczovL3d3dy5zbnMuaXQvfHxodHRwczovL3d3dy5zbnMuaXQvaXQvYmFuZGktZS1jb25jb3JzaQ,Scuola Normale Superiore,https://www.sns.it/,https://www.sns.it/it/bandi-e-concorsi,accepted,,,2026-05-17T15:06:43.879Z
U2N1b2xhIFN1cGVyaW9yZSBTYW50J0FubmF8fGh0dHBzOi8vd3d3LnNhbnRhbm5hcGlzYS5pdC98fA,Scuola Superiore Sant'Anna,https://www.santannapisa.it/,,accepted,,,2026-05-17T15:06:43.879Z
U0lTU0EgVHJpZXN0ZXx8aHR0cHM6Ly93d3cuc2lzc2EuaXQvfHw,SISSA Trieste,https://www.sissa.it/,,accepted,,,2026-05-17T15:06:43.879Z
VW5pdmVyc2l0w6AgQ2EnIEZvc2NhcmkgVmVuZXppYXx8aHR0cHM6Ly93d3cudW5pdmUuaXQvfHxodHRwczovL3d3dy51bml2ZS5pdC9wYWcvMTM1MjYv,Università Ca' Foscari Venezia,https://www.unive.it/,https://www.unive.it/pag/13526/,accepted,,,2026-05-17T15:06:43.879Z
VW5pdmVyc2l0w6AgQ2FtcHVzIEJpby1NZWRpY28gZGkgUm9tYXx8aHR0cHM6Ly93d3cudW5pY2FtcHVzLml0L3x8,Università Campus Bio-Medico di Roma,https://www.unicampus.it/,,accepted,,,2026-05-17T15:06:43.879Z
VW5pdmVyc2l0w6AgQ2F0dG9saWNhIGRlbCBTYWNybyBDdW9yZXx8aHR0cHM6Ly93d3cudW5pY2F0dC5pdC98fA,Università Cattolica del Sacro Cuore,https://www.unicatt.it/,,accepted,,,2026-05-17T15:06:43.879Z
VW5pdmVyc2l0w6AgQ29tbWVyY2lhbGUgTHVpZ2kgQm9jY29uaXx8aHR0cHM6Ly93d3cudW5pYm9jY29uaS5pdC98fGh0dHBzOi8vd3d3LnVuaWJvY2NvbmkuaXQvaXQvZG9jZW50aS1lLXJpY2VyY2EvZG9jZW50aS9yZWNsdXRhbWVudG8tZG9jZW50aS9jb25jb3JzaQ,Università Commerciale Luigi Bocconi,https://www.unibocconi.it/,https://www.unibocconi.it/it/docenti-e-ricerca/docenti/reclutamento-docenti/concorsi,accepted,,,2026-05-17T15:06:43.879Z
VW5pdmVyc2l0w6AgZGVnbGkgU3R1ZGkgZGVsIE1vbGlzZXx8aHR0cHM6Ly93d3cudW5pbW9sLml0L3x8,Università degli Studi del Molise,https://www.unimol.it/,,accepted,,,2026-05-17T15:06:43.879Z
VW5pdmVyc2l0w6AgZGVnbGkgU3R1ZGkgZGVsIFNhbm5pb3x8aHR0cHM6Ly93d3cudW5pc2FubmlvLml0L3x8,Università degli Studi del Sannio,https://www.unisannio.it/,,accepted,,,2026-05-17T15:06:43.879Z
VW5pdmVyc2l0w6AgZGVnbGkgU3R1ZGkgZGVsbCdBcXVpbGF8fGh0dHBzOi8vd3d3LnVuaXZhcS5pdC98fGh0dHBzOi8vd3d3LnVuaXZhcS5pdC9zZWN0aW9uLnBocD9pZD0xNTM1,Università degli Studi dell'Aquila,https://www.univaq.it/,https://www.univaq.it/section.php?id=1535,accepted,,,2026-05-17T15:06:43.879Z
VW5pdmVyc2l0w6AgZGVnbGkgU3R1ZGkgZGVsbCdJbnN1YnJpYXx8aHR0cHM6Ly93d3cudW5pbnN1YnJpYS5pdC98fA,Università degli Studi dell'Insubria,https://www.uninsubria.it/,,accepted,,,2026-05-17T15:06:43.879Z
VW5pdmVyc2l0w6AgZGVnbGkgU3R1ZGkgZGVsbCdJbnN1YnJpYXx8aHR0cHM6Ly93d3cudW5pbnN1YnJpYS5pdC98fGh0dHBzOi8vd3d3LnVuaW5zdWJyaWEuaXQvYmFuZGktY29uY29yc2k,Università degli Studi dell'Insubria,https://www.uninsubria.it/,https://www.uninsubria.it/bandi-concorsi,accepted,,,2026-05-17T15:06:43.879Z
VW5pdmVyc2l0w6AgZGVnbGkgU3R1ZGkgZGVsbGEgQmFzaWxpY2F0YXx8aHR0cHM6Ly93d3cudW5pYmFzLml0L3x8,Università degli Studi della Basilicata,https://www.unibas.it/,,accepted,,,2026-05-17T15:06:43.879Z
VW5pdmVyc2l0w6AgZGVnbGkgU3R1ZGkgZGVsbGEgUmVwdWJibGljYSBkaSBTYW4gTWFyaW5vfHxodHRwczovL3d3dy51bmlyc20uc20vfHw,Università degli Studi della Repubblica di San Marino,https://www.unirsm.sm/,,accepted,,,2026-05-17T15:06:43.879Z
VW5pdmVyc2l0w6AgZGVnbGkgU3R1ZGkgZGVsbGEgVHVzY2lhfHxodHRwczovL3d3dy51bml0dXMuaXQvfHw,Università degli Studi della Tuscia,https://www.unitus.it/,,accepted,,,2026-05-17T15:06:43.879Z
VW5pdmVyc2l0w6AgZGVnbGkgU3R1ZGkgZGkgQmFyaSBBbGRvIE1vcm98fGh0dHBzOi8vd3d3LnVuaWJhLml0L3x8,Università degli Studi di Bari Aldo Moro,https://www.uniba.it/,,accepted,,,2026-05-17T15:06:43.879Z
VW5pdmVyc2l0w6AgZGVnbGkgU3R1ZGkgZGkgQmVyZ2Ftb3x8aHR0cHM6Ly93d3cudW5pYmcuaXQvfHxodHRwczovL3d3dy51bmliZy5pdC9hdGVuZW8vY29uY29yc2ktZS1zZWxlemlvbmk,Università degli Studi di Bergamo,https://www.unibg.it/,https://www.unibg.it/ateneo/concorsi-e-selezioni,accepted,,,2026-05-17T15:06:43.879Z
VW5pdmVyc2l0w6AgZGVnbGkgU3R1ZGkgZGkgQnJlc2NpYXx8aHR0cHM6Ly93d3cudW5pYnMuaXQvfHxodHRwczovL3d3dy51bmlicy5pdC9pdC9hdGVuZW8vY29uY29yc2k,Università degli Studi di Brescia,https://www.unibs.it/,https://www.unibs.it/it/ateneo/concorsi,accepted,,,2026-05-17T15:06:43.879Z
VW5pdmVyc2l0w6AgZGVnbGkgU3R1ZGkgZGkgQ2FnbGlhcml8fGh0dHBzOi8vd3d3LnVuaWNhLml0L3x8aHR0cHM6Ly93d3cudW5pY2EuaXQvaXQvYXRlbmVvL2JhbmRpLWUtY29uY29yc2k,Università degli Studi di Cagliari,https://www.unica.it/,https://www.unica.it/it/ateneo/bandi-e-concorsi,accepted,,,2026-05-17T15:06:43.879Z
VW5pdmVyc2l0w6AgZGVnbGkgU3R1ZGkgZGkgQ2FtZXJpbm98fGh0dHBzOi8vd3d3LnVuaWNhbS5pdC98fA,Università degli Studi di Camerino,https://www.unicam.it/,,accepted,,,2026-05-17T15:06:43.879Z
VW5pdmVyc2l0w6AgZGVnbGkgU3R1ZGkgZGkgQ2Fzc2lubyBlIGRlbCBMYXppbyBNZXJpZGlvbmFsZXx8aHR0cHM6Ly93d3cudW5pY2FzLml0L3x8,Università degli Studi di Cassino e del Lazio Meridionale,https://www.unicas.it/,,accepted,,,2026-05-17T15:06:43.879Z
VW5pdmVyc2l0w6AgZGVnbGkgU3R1ZGkgZGkgQ2F0YW5pYXx8aHR0cHM6Ly93d3cudW5pY3QuaXQvfHxodHRwczovL3d3dy51bmljdC5pdC9pdC9iYW5kaS9jb25jb3JzaQ,Università degli Studi di Catania,https://www.unict.it/,https://www.unict.it/it/bandi/concorsi,accepted,,,2026-05-17T15:06:43.879Z
VW5pdmVyc2l0w6AgZGVnbGkgU3R1ZGkgZGkgRmVycmFyYXx8aHR0cHM6Ly93d3cudW5pZmUuaXQvfHw,Università degli Studi di Ferrara,https://www.unife.it/,,accepted,,,2026-05-17T15:06:43.879Z
VW5pdmVyc2l0w6AgZGVnbGkgU3R1ZGkgZGkgRmlyZW56ZXx8aHR0cHM6Ly93d3cudW5pZmkuaXQvfHxodHRwczovL3d3dy51bmlmaS5pdC9pdC9hdGVuZW8vbGF2b3JhLWNvbi1ub2kuaHRtbA,Università degli Studi di Firenze,https://www.unifi.it/,https://www.unifi.it/it/ateneo/lavora-con-noi.html,accepted,,,2026-05-17T15:06:43.879Z
VW5pdmVyc2l0w6AgZGVnbGkgU3R1ZGkgZGkgR2Vub3ZhfHxodHRwczovL3VuaWdlLml0L3x8aHR0cHM6Ly91bmlnZS5pdC9sYXZvcmEtY29uLW5vaQ,Università degli Studi di Genova,https://unige.it/,https://unige.it/lavora-con-noi,accepted,,,2026-05-17T15:06:43.879Z
VW5pdmVyc2l0w6AgZGVnbGkgU3R1ZGkgZGkgTWFjZXJhdGF8fGh0dHBzOi8vd3d3LnVuaW1jLml0L3x8,Università degli Studi di Macerata,https://www.unimc.it/,,accepted,,,2026-05-17T15:06:43.879Z
VW5pdmVyc2l0w6AgZGVnbGkgU3R1ZGkgZGkgTWVzc2luYXx8aHR0cHM6Ly93d3cudW5pbWUuaXQvfHw,Università degli Studi di Messina,https://www.unime.it/,,accepted,,,2026-05-17T15:06:43.879Z
VW5pdmVyc2l0w6AgZGVnbGkgU3R1ZGkgZGkgTWlsYW5vfHxodHRwczovL3d3dy51bmltaS5pdC98fGh0dHBzOi8vd3d3LnVuaW1pLml0L2l0L2F0ZW5lby9sYXZvcmEtY29uLW5vaS9yZWNsdXRhbWVudG8tcHJvZmVzc29yaS1lLXJpY2VyY2F0b3Jp,Università degli Studi di Milano,https://www.unimi.it/,https://www.unimi.it/it/ateneo/lavora-con-noi/reclutamento-professori-e-ricercatori,accepted,,,2026-05-17T15:06:43.879Z
VW5pdmVyc2l0w6AgZGVnbGkgU3R1ZGkgZGkgTWlsYW5vLUJpY29jY2F8fGh0dHBzOi8vd3d3LnVuaW1pYi5pdC98fGh0dHBzOi8vd3d3LnVuaW1pYi5pdC9hdGVuZW8vY29uY29yc2k,Università degli Studi di Milano-Bicocca,https://www.unimib.it/,https://www.unimib.it/ateneo/concorsi,accepted,,,2026-05-17T15:06:43.879Z
VW5pdmVyc2l0w6AgZGVnbGkgU3R1ZGkgZGkgTW9kZW5hIGUgUmVnZ2lvIEVtaWxpYXx8aHR0cHM6Ly93d3cudW5pbW9yZS5pdC98fGh0dHBzOi8vd3d3LnVuaW1vcmUuaXQvaXQvYXRlbmVvL2JhbmRpLWUtY29uY29yc2k,Università degli Studi di Modena e Reggio Emilia,https://www.unimore.it/,https://www.unimore.it/it/ateneo/bandi-e-concorsi,accepted,,,2026-05-17T15:06:43.879Z
VW5pdmVyc2l0w6AgZGVnbGkgU3R1ZGkgZGkgTmFwb2xpIEZlZGVyaWNvIElJfHxodHRwczovL3d3dy51bmluYS5pdC98fGh0dHBzOi8vd3d3LnVuaW5hLml0L2F0ZW5lby9jb25jb3JzaS9jb25jb3JzaS1wZXJzb25hbGUtZG9jZW50ZS1lLXJpY2VyY2F0b3Jl,Università degli Studi di Napoli Federico II,https://www.unina.it/,https://www.unina.it/ateneo/concorsi/concorsi-personale-docente-e-ricercatore,accepted,,,2026-05-17T15:06:43.879Z
VW5pdmVyc2l0w6AgZGVnbGkgU3R1ZGkgZGkgTmFwb2xpIEwnT3JpZW50YWxlfHxodHRwczovL3d3dy51bmlvci5pdC98fA,Università degli Studi di Napoli L'Orientale,https://www.unior.it/,,accepted,,,2026-05-17T15:06:43.879Z
VW5pdmVyc2l0w6AgZGVnbGkgU3R1ZGkgZGkgTmFwb2xpIFBhcnRoZW5vcGV8fGh0dHBzOi8vd3d3LnVuaXBhcnRoZW5vcGUuaXQvfHw,Università degli Studi di Napoli Parthenope,https://www.uniparthenope.it/,,accepted,,,2026-05-17T15:06:43.879Z
VW5pdmVyc2l0w6AgZGVnbGkgU3R1ZGkgZGkgUGFkb3ZhfHxodHRwczovL3d3dy51bmlwZC5pdC98fGh0dHBzOi8vd3d3LnVuaXBkLml0L2NvbmNvcnNpLXNlbGV6aW9uaS1wZXJzb25hbGUtZG9jZW50ZQ,Università degli Studi di Padova,https://www.unipd.it/,https://www.unipd.it/concorsi-selezioni-personale-docente,accepted,,,2026-05-17T15:06:43.879Z
VW5pdmVyc2l0w6AgZGVnbGkgU3R1ZGkgZGkgUGFsZXJtb3x8aHR0cHM6Ly93d3cudW5pcGEuaXQvfHxodHRwczovL3d3dy51bmlwYS5pdC9hbGJvLmh0bWw,Università degli Studi di Palermo,https://www.unipa.it/,https://www.unipa.it/albo.html,accepted,,,2026-05-17T15:06:43.879Z
VW5pdmVyc2l0w6AgZGVnbGkgU3R1ZGkgZGkgUGVydWdpYXx8aHR0cHM6Ly93d3cudW5pcGcuaXQvfHw,Università degli Studi di Perugia,https://www.unipg.it/,,accepted,,,2026-05-17T15:06:43.879Z
VW5pdmVyc2l0w6AgZGVnbGkgU3R1ZGkgZGkgUm9tYSBUb3IgVmVyZ2F0YXx8aHR0cHM6Ly93ZWIudW5pcm9tYTIuaXQvfHxodHRwczovL3dlYi51bmlyb21hMi5pdC9pdC9jb250ZW51dG8vY29uY29yc2k,Università degli Studi di Roma Tor Vergata,https://web.uniroma2.it/,https://web.uniroma2.it/it/contenuto/concorsi,accepted,,,2026-05-17T15:06:43.879Z
VW5pdmVyc2l0w6AgZGVnbGkgU3R1ZGkgZGkgU2FsZXJub3x8aHR0cHM6Ly93d3cudW5pc2EuaXQvfHw,Università degli Studi di Salerno,https://www.unisa.it/,,accepted,,,2026-05-17T15:06:43.879Z
VW5pdmVyc2l0w6AgZGVnbGkgU3R1ZGkgZGkgU2Fzc2FyaXx8aHR0cHM6Ly93d3cudW5pc3MuaXQvfHxodHRwczovL3d3dy51bmlzcy5pdC9iYW5kaQ,Università degli Studi di Sassari,https://www.uniss.it/,https://www.uniss.it/bandi,accepted,,,2026-05-17T15:06:43.879Z
VW5pdmVyc2l0w6AgZGVnbGkgU3R1ZGkgZGkgU2llbmF8fGh0dHBzOi8vd3d3LnVuaXNpLml0L3x8aHR0cHM6Ly93d3cudW5pc2kuaXQvYXRlbmVvL2NvbmNvcnNp,Università degli Studi di Siena,https://www.unisi.it/,https://www.unisi.it/ateneo/concorsi,accepted,,,2026-05-17T15:06:43.879Z
VW5pdmVyc2l0w6AgZGVnbGkgU3R1ZGkgZGkgVGVyYW1vfHxodHRwczovL3d3dy51bml0ZS5pdC98fA,Università degli Studi di Teramo,https://www.unite.it/,,accepted,,,2026-05-17T15:06:43.879Z
VW5pdmVyc2l0w6AgZGVnbGkgU3R1ZGkgZGkgVG9yaW5vfHxodHRwczovL3d3dy51bml0by5pdC98fGh0dHBzOi8vd3d3LnVuaXRvLml0L2F0ZW5lby9sYXZvcmEtY29uLW5vaQ,Università degli Studi di Torino,https://www.unito.it/,https://www.unito.it/ateneo/lavora-con-noi,accepted,,,2026-05-17T15:06:43.879Z
VW5pdmVyc2l0w6AgZGVnbGkgU3R1ZGkgZGkgVHJlbnRvfHxodHRwczovL3d3dy51bml0bi5pdC98fA,Università degli Studi di Trento,https://www.unitn.it/,,accepted,,,2026-05-17T15:06:43.879Z
VW5pdmVyc2l0w6AgZGVnbGkgU3R1ZGkgZGkgVHJpZXN0ZXx8aHR0cHM6Ly93d3cudW5pdHMuaXQvfHw,Università degli Studi di Trieste,https://www.units.it/,,accepted,,,2026-05-17T15:06:43.879Z
VW5pdmVyc2l0w6AgZGVnbGkgU3R1ZGkgZGkgVWRpbmV8fGh0dHBzOi8vd3d3LnVuaXVkLml0L3x8,Università degli Studi di Udine,https://www.uniud.it/,,accepted,,,2026-05-17T15:06:43.879Z
VW5pdmVyc2l0w6AgZGVnbGkgU3R1ZGkgZGkgVXJiaW5vIENhcmxvIEJvfHxodHRwczovL3d3dy51bml1cmIuaXQvfHw,Università degli Studi di Urbino Carlo Bo,https://www.uniurb.it/,,accepted,,,2026-05-17T15:06:43.879Z
VW5pdmVyc2l0w6AgZGVnbGkgU3R1ZGkgZGkgVmVyb25hfHxodHRwczovL3d3dy51bml2ci5pdC98fA,Università degli Studi di Verona,https://www.univr.it/,,accepted,,,2026-05-17T15:06:43.879Z
VW5pdmVyc2l0w6AgZGVnbGkgU3R1ZGkgRy4gZCdBbm51bnppbyBDaGlldGktUGVzY2FyYXx8aHR0cHM6Ly93d3cudW5pY2guaXQvfHw,Università degli Studi G. d'Annunzio Chieti-Pescara,https://www.unich.it/,,accepted,,,2026-05-17T15:06:43.879Z
VW5pdmVyc2l0w6AgZGVnbGkgU3R1ZGkgR3VnbGllbG1vIE1hcmNvbml8fGh0dHBzOi8vd3d3LnVuaW1hcmNvbmkuaXQvfHw,Università degli Studi Guglielmo Marconi,https://www.unimarconi.it/,,accepted,,,2026-05-17T15:06:43.879Z
VW5pdmVyc2l0w6AgZGVnbGkgU3R1ZGkgTWVkaXRlcnJhbmVhIGRpIFJlZ2dpbyBDYWxhYnJpYXx8aHR0cHM6Ly93d3cudW5pcmMuaXQvfHw,Università degli Studi Mediterranea di Reggio Calabria,https://www.unirc.it/,,accepted,,,2026-05-17T15:06:43.879Z
VW5pdmVyc2l0w6AgZGVnbGkgU3R1ZGkgUm9tYSBUcmV8fGh0dHBzOi8vd3d3LnVuaXJvbWEzLml0L3x8aHR0cHM6Ly93d3cudW5pcm9tYTMuaXQvYXRlbmVvL2xhdm9yYS1jb24tbm9pLw,Università degli Studi Roma Tre,https://www.uniroma3.it/,https://www.uniroma3.it/ateneo/lavora-con-noi/,accepted,,,2026-05-17T15:06:43.879Z
VW5pdmVyc2l0w6AgZGVsIFBpZW1vbnRlIE9yaWVudGFsZXx8aHR0cHM6Ly93d3cudW5pdXBvLml0L3x8,Università del Piemonte Orientale,https://www.uniupo.it/,,accepted,,,2026-05-17T15:06:43.879Z
VW5pdmVyc2l0w6AgZGVsIFNhbGVudG98fGh0dHBzOi8vd3d3LnVuaXNhbGVudG8uaXQvfHw,Università del Salento,https://www.unisalento.it/,,accepted,,,2026-05-17T15:06:43.879Z
VW5pdmVyc2l0w6AgZGVsbGEgQ2FsYWJyaWF8fGh0dHBzOi8vd3d3LnVuaWNhbC5pdC98fA,Università della Calabria,https://www.unical.it/,,accepted,,,2026-05-17T15:06:43.879Z
VW5pdmVyc2l0w6AgZGVsbGEgVmFsbGUgZCdBb3N0YXx8aHR0cHM6Ly93d3cudW5pdmRhLml0L3x8,Università della Valle d'Aosta,https://www.univda.it/,,accepted,,,2026-05-17T15:06:43.879Z
VW5pdmVyc2l0w6AgZGkgQm9sb2duYXx8aHR0cHM6Ly93d3cudW5pYm8uaXQvfHxodHRwczovL3d3dy51bmliby5pdC9pdC9hdGVuZW8vbGF2b3JhLWNvbi1ub2k,Università di Bologna,https://www.unibo.it/,https://www.unibo.it/it/ateneo/lavora-con-noi,accepted,,,2026-05-17T15:06:43.879Z
VW5pdmVyc2l0w6AgZGkgRm9nZ2lhfHxodHRwczovL3d3dy51bmlmZy5pdC98fA,Università di Foggia,https://www.unifg.it/,,accepted,,,2026-05-17T15:06:43.879Z
VW5pdmVyc2l0w6AgZGkgUGFybWF8fGh0dHBzOi8vd3d3LnVuaXByLml0L3x8aHR0cHM6Ly93d3cudW5pcHIuaXQvY29uY29yc2ktZS1tb2JpbGl0YQ,Università di Parma,https://www.unipr.it/,https://www.unipr.it/concorsi-e-mobilita,accepted,,,2026-05-17T15:06:43.879Z
VW5pdmVyc2l0w6AgZGkgUGlzYXx8aHR0cHM6Ly93d3cudW5pcGkuaXQvfHw,Università di Pisa,https://www.unipi.it/,,accepted,,,2026-05-17T15:06:43.879Z
VW5pdmVyc2l0w6AgR2l1c3Rpbm8gRm9ydHVuYXRvfHxodHRwczovL3d3dy51bmlmb3J0dW5hdG8uZXUvfHw,Università Giustino Fortunato,https://www.unifortunato.eu/,,accepted,,,2026-05-17T15:06:43.879Z
VW5pdmVyc2l0w6AgTWFnbmEgR3JhZWNpYSBkaSBDYXRhbnphcm98fGh0dHBzOi8vd2ViLnVuaWN6Lml0L3x8,Università Magna Graecia di Catanzaro,https://web.unicz.it/,,accepted,,,2026-05-17T15:06:43.879Z
VW5pdmVyc2l0w6AgTmljY29sw7IgQ3VzYW5vfHxodHRwczovL3d3dy51bmljdXNhbm8uaXQvfHw,Università Niccolò Cusano,https://www.unicusano.it/,,accepted,,,2026-05-17T15:06:43.879Z
VW5pdmVyc2l0w6AgcGVyIFN0cmFuaWVyaSBkaSBQZXJ1Z2lhfHxodHRwczovL3d3dy51bmlzdHJhcGcuaXQvfHw,Università per Stranieri di Perugia,https://www.unistrapg.it/,,accepted,,,2026-05-17T15:06:43.879Z
VW5pdmVyc2l0w6AgcGVyIFN0cmFuaWVyaSBkaSBTaWVuYXx8aHR0cHM6Ly93d3cudW5pc3RyYXNpLml0L3x8,Università per Stranieri di Siena,https://www.unistrasi.it/,,accepted,,,2026-05-17T15:06:43.879Z
VW5pdmVyc2l0w6AgUG9saXRlY25pY2EgZGVsbGUgTWFyY2hlfHxodHRwczovL3d3dy51bml2cG0uaXQvfHw,Università Politecnica delle Marche,https://www.univpm.it/,,accepted,,,2026-05-17T15:06:43.879Z
VW5pdmVyc2l0w6AgVGVsZW1hdGljYSBJbnRlcm5hemlvbmFsZSBVTklORVRUVU5PfHxodHRwczovL3d3dy51bmluZXR0dW5vdW5pdmVyc2l0eS5uZXQvfHw,Università Telematica Internazionale UNINETTUNO,https://www.uninettunouniversity.net/,,accepted,,,2026-05-17T15:06:43.879Z
VW5pdmVyc2l0w6AgVGVsZW1hdGljYSBQZWdhc298fGh0dHBzOi8vd3d3LnVuaXBlZ2Fzby5pdC98fA,Università Telematica Pegaso,https://www.unipegaso.it/,,accepted,,,2026-05-17T15:06:43.879Z
VW5pdmVyc2l0w6AgVGVsZW1hdGljYSBVbml2ZXJzaXRhcyBNZXJjYXRvcnVtfHxodHRwczovL3d3dy51bmltZXJjYXRvcnVtLml0L3x8,Università Telematica Universitas Mercatorum,https://www.unimercatorum.it/,,accepted,,,2026-05-17T15:06:43.879Z
VW5pdmVyc2l0w6AgVW5pQ2FtaWxsdXN8fGh0dHBzOi8vd3d3LnVuaWNhbWlsbHVzLm9yZy98fA,Università UniCamillus,https://www.unicamillus.org/,,accepted,,,2026-05-17T15:06:43.879Z
VW5pdmVyc2l0w6AgVml0YS1TYWx1dGUgU2FuIFJhZmZhZWxlfHxodHRwczovL3d3dy51bmlzci5pdC98fA,Università Vita-Salute San Raffaele,https://www.unisr.it/,,accepted,,,2026-05-17T15:06:43.879Z
