triage_id,university_id,source_url,link_url,link_text,classified_type,triage_status,triage_confidence,keep_for_review,exclude_from_competition_queue,exclusion_reason,positive_signals,negative_signals,requires_human_attention,observed_at_utc,triaged_at_utc
it-unibo-triage-00001,it-unibo,https://www.unibo.it/it/ateneo/lavora-con-noi,https://www.unibo.it/it/ateneo/lavora-con-noi?#content,vai al contenuto della pagina,unknown,possible_competition_source,medium,yes,no,,lavora con noi;lavora-con-noi,,yes,2026-05-18T14:08:59Z,2026-08-22T12:47:06Z
it-unibo-triage-00002,it-unibo,https://www.unibo.it/it/ateneo/lavora-con-noi,https://www.unibo.it/it/ateneo/lavora-con-noi?#u-mainmenu,vai al menu di navigazione,unknown,possible_competition_source,medium,yes,no,,lavora con noi;lavora-con-noi,,yes,2026-05-18T14:08:59Z,2026-08-22T12:47:06Z
it-unibo-triage-00003,it-unibo,https://www.unibo.it/it/ateneo/lavora-con-noi,https://www.unibo.it/it/ateneo/lavora-con-noi/lavora-con-noi/@@multilingual-selector/84ee5112addb44a497eab83024818154/it,it,unknown,possible_competition_source,medium,yes,no,,lavora con noi;lavora-con-noi,,yes,2026-05-18T14:08:59Z,2026-08-22T12:47:06Z
it-unibo-triage-00004,it-unibo,https://www.unibo.it/it/ateneo/lavora-con-noi,https://www.unibo.it/it/ateneo/lavora-con-noi/lavora-con-noi/@@multilingual-selector/84ee5112addb44a497eab83024818154/en,en,unknown,possible_competition_source,medium,yes,no,,lavora con noi;lavora-con-noi,,yes,2026-05-18T14:08:59Z,2026-08-22T12:47:06Z
it-unibo-triage-00005,it-unibo,https://www.unibo.it/it/ateneo/lavora-con-noi,https://almaesami.unibo.it/almaesami/studenti/home.htm,AlmaEsami,unknown,likely_not_relevant,medium,no,yes,Negative navigation/legal/external-domain signal without competition signal.,,external_domain;studenti,no,2026-05-18T14:08:59Z,2026-08-22T12:47:06Z
it-unibo-triage-00006,it-unibo,https://www.unibo.it/it/ateneo/lavora-con-noi,https://almarm.unibo.it/almarm/welcomeStudenti.htm,AlmaRM - Mobilità internazionale,unknown,likely_not_relevant,medium,no,yes,Negative navigation/legal/external-domain signal without competition signal.,,external_domain;studenti,no,2026-05-18T14:08:59Z,2026-08-22T12:47:06Z
it-unibo-triage-00007,it-unibo,https://www.unibo.it/it/ateneo/lavora-con-noi,https://studenti.unibo.it,Autocertificazioni e certificati,unknown,likely_not_relevant,medium,no,yes,Negative navigation/legal/external-domain signal without competition signal.,,external_domain;studenti,no,2026-05-18T14:08:59Z,2026-08-22T12:47:06Z
it-unibo-triage-00008,it-unibo,https://www.unibo.it/it/ateneo/lavora-con-noi,https://centri.unibo.it/cla/it/corsi,Corsi di lingua,unknown,likely_not_relevant,medium,no,yes,Negative navigation/legal/external-domain signal without competition signal.,,external_domain,no,2026-05-18T14:08:59Z,2026-08-22T12:47:06Z
it-unibo-triage-00009,it-unibo,https://www.unibo.it/it/ateneo/lavora-con-noi,https://eol.unibo.it,EOL - Esami online,unknown,likely_not_relevant,medium,no,yes,Negative navigation/legal/external-domain signal without competition signal.,,external_domain,no,2026-05-18T14:08:59Z,2026-08-22T12:47:06Z
it-unibo-triage-00010,it-unibo,https://www.unibo.it/it/ateneo/lavora-con-noi,https://jobplacement.unibo.it/it/studenti-e-laureati/offerte-di-lavoro,Offerte di lavoro,unknown,possible_competition_source,medium,yes,no,,job,external_domain;studenti,yes,2026-05-18T14:08:59Z,2026-08-22T12:47:06Z
it-unibo-triage-00011,it-unibo,https://www.unibo.it/it/ateneo/lavora-con-noi,https://sba.unibo.it/it,Servizi bibliotecari,unknown,likely_not_relevant,medium,no,yes,Negative navigation/legal/external-domain signal without competition signal.,,biblioteca;external_domain,no,2026-05-18T14:08:59Z,2026-08-22T12:47:06Z
it-unibo-triage-00012,it-unibo,https://www.unibo.it/it/ateneo/lavora-con-noi,https://www.unibo.it/speis,SPEIS - Prenotazione spazi studenti,unknown,generic_institutional_page,low,no,yes,Generic institutional or service-page signal without competition signal.,,studenti,yes,2026-05-18T14:08:59Z,2026-08-22T12:47:06Z
it-unibo-triage-00013,it-unibo,https://www.unibo.it/it/ateneo/lavora-con-noi,https://sportelli.unibo.it,Sportelli Virtuali - Uffici online,unknown,likely_not_relevant,medium,no,yes,Negative navigation/legal/external-domain signal without competition signal.,,external_domain,no,2026-05-18T14:08:59Z,2026-08-22T12:47:06Z
it-unibo-triage-00014,it-unibo,https://www.unibo.it/it/ateneo/lavora-con-noi,https://tirocini.unibo.it/tirocini/,Tirocini Online - Elenco offerte,unknown,likely_not_relevant,medium,no,yes,Negative navigation/legal/external-domain signal without competition signal.,,external_domain,no,2026-05-18T14:08:59Z,2026-08-22T12:47:06Z
it-unibo-triage-00015,it-unibo,https://www.unibo.it/it/ateneo/lavora-con-noi,https://www.unibo.it/it/servizi-e-opportunita/servizi-online/guida-servizi-online-studenti/ams-tesi-online,Tesi Online - Archivio,unknown,possible_competition_source,medium,yes,no,,opportunita,studenti,yes,2026-05-18T14:08:59Z,2026-08-22T12:47:06Z
it-unibo-triage-00016,it-unibo,https://www.unibo.it/it/ateneo/lavora-con-noi,https://book.unibo.it/,UnibooK - Open knowledge,unknown,likely_not_relevant,medium,no,yes,Negative navigation/legal/external-domain signal without competition signal.,,external_domain,no,2026-05-18T14:08:59Z,2026-08-22T12:47:06Z
it-unibo-triage-00017,it-unibo,https://www.unibo.it/it/ateneo/lavora-con-noi,https://virtuale.unibo.it,Virtuale - Materiali didattici,unknown,likely_not_relevant,medium,no,yes,Negative navigation/legal/external-domain signal without competition signal.,,external_domain,no,2026-05-18T14:08:59Z,2026-08-22T12:47:06Z
it-unibo-triage-00018,it-unibo,https://www.unibo.it/it/ateneo/lavora-con-noi,https://almaesami.unibo.it/almaesami/welcome.htm,AlmaEsami,unknown,likely_not_relevant,medium,no,yes,Negative navigation/legal/external-domain signal without competition signal.,,external_domain,no,2026-05-18T14:08:59Z,2026-08-22T12:47:06Z
it-unibo-triage-00019,it-unibo,https://www.unibo.it/it/ateneo/lavora-con-noi,https://almaregistri.unibo.it/almaregistri/welcome.htm,AlmaRegistri,unknown,likely_not_relevant,medium,no,yes,Negative navigation/legal/external-domain signal without competition signal.,,external_domain,no,2026-05-18T14:08:59Z,2026-08-22T12:47:06Z
it-unibo-triage-00020,it-unibo,https://www.unibo.it/it/ateneo/lavora-con-noi,https://almarm.unibo.it/almarm/personale/home.htm,AlmaRM - Mobilità internazionale,unknown,likely_not_relevant,medium,no,yes,Negative navigation/legal/external-domain signal without competition signal.,,external_domain,no,2026-05-18T14:08:59Z,2026-08-22T12:47:06Z
it-unibo-triage-00021,it-unibo,https://www.unibo.it/it/ateneo/lavora-con-noi,https://cedolini.unibo.it/,Cedolini web,unknown,likely_not_relevant,medium,no,yes,Negative navigation/legal/external-domain signal without competition signal.,,external_domain,no,2026-05-18T14:08:59Z,2026-08-22T12:47:06Z
it-unibo-triage-00022,it-unibo,https://www.unibo.it/it/ateneo/lavora-con-noi,https://www.unibo.it/concilium,Concilium,unknown,unknown_requires_review,not_determinable,yes,no,,,,yes,2026-05-18T14:08:59Z,2026-08-22T12:47:06Z
it-unibo-triage-00023,it-unibo,https://www.unibo.it/it/ateneo/lavora-con-noi,https://incarichiextraistituzionali.unibo.it/incarichiextraistituzionali/init.do,Incarichi extraistituzionali,unknown,likely_not_relevant,medium,no,yes,Negative navigation/legal/external-domain signal without competition signal.,,external_domain,no,2026-05-18T14:08:59Z,2026-08-22T12:47:06Z
it-unibo-triage-00024,it-unibo,https://www.unibo.it/it/ateneo/lavora-con-noi,https://cris.unibo.it,IRIS - Archivio produzione scientifica,unknown,likely_not_relevant,medium,no,yes,Negative navigation/legal/external-domain signal without competition signal.,,external_domain,no,2026-05-18T14:08:59Z,2026-08-22T12:47:06Z
it-unibo-triage-00025,it-unibo,https://www.unibo.it/it/ateneo/lavora-con-noi,https://intranet.unibo.it/organiweb,OrganiWeb,unknown,likely_not_relevant,medium,no,yes,Negative navigation/legal/external-domain signal without competition signal.,,external_domain,no,2026-05-18T14:08:59Z,2026-08-22T12:47:06Z
it-unibo-triage-00026,it-unibo,https://www.unibo.it/it/ateneo/lavora-con-noi,https://personale-unibo.hrgpi.it/,Presenze - EVO,unknown,likely_not_relevant,medium,no,yes,Negative navigation/legal/external-domain signal without competition signal.,,external_domain,no,2026-05-18T14:08:59Z,2026-08-22T12:47:06Z
it-unibo-triage-00027,it-unibo,https://www.unibo.it/it/ateneo/lavora-con-noi,https://segnalaunevento.unibo.it/,Segnala un evento,unknown,likely_not_relevant,medium,no,yes,Negative navigation/legal/external-domain signal without competition signal.,,external_domain,no,2026-05-18T14:08:59Z,2026-08-22T12:47:06Z
it-unibo-triage-00028,it-unibo,https://www.unibo.it/it/ateneo/lavora-con-noi,https://intranet.unibo.it/MioPortale/Pagine/TitulusProtocollo.aspx,Titulus,unknown,likely_not_relevant,medium,no,yes,Negative navigation/legal/external-domain signal without competition signal.,,external_domain,no,2026-05-18T14:08:59Z,2026-08-22T12:47:06Z
it-unibo-triage-00029,it-unibo,https://www.unibo.it/it/ateneo/lavora-con-noi,https://unibo.u-web.cineca.it/apprep/#!/lanciorapido,U-Web Reporting – Contabilità progetti,unknown,likely_not_relevant,medium,no,yes,Negative navigation/legal/external-domain signal without competition signal.,,external_domain,no,2026-05-18T14:08:59Z,2026-08-22T12:47:06Z
it-unibo-triage-00030,it-unibo,https://www.unibo.it/it/ateneo/lavora-con-noi,https://virtuale.unibo.it/,Virtuale - Materiali didattici,unknown,likely_not_relevant,medium,no,yes,Negative navigation/legal/external-domain signal without competition signal.,,external_domain,no,2026-05-18T14:08:59Z,2026-08-22T12:47:06Z
it-unibo-triage-00031,it-unibo,https://www.unibo.it/it/ateneo/lavora-con-noi,https://intranet.unibo.it/MioPortale/Pagine/ServiziOnline.aspx,Vedi tutti,unknown,likely_not_relevant,medium,no,yes,Negative navigation/legal/external-domain signal without competition signal.,,external_domain,no,2026-05-18T14:08:59Z,2026-08-22T12:47:06Z
it-unibo-triage-00032,it-unibo,https://www.unibo.it/it/ateneo/lavora-con-noi,https://intranet.unibo.it/,Intranet d'Ateneo,unknown,likely_not_relevant,medium,no,yes,Negative navigation/legal/external-domain signal without competition signal.,,external_domain,no,2026-05-18T14:08:59Z,2026-08-22T12:47:06Z
it-unibo-triage-00033,it-unibo,https://www.unibo.it/it/ateneo/lavora-con-noi,https://studenti.unibo.it/,Studenti Online,unknown,likely_not_relevant,medium,no,yes,Negative navigation/legal/external-domain signal without competition signal.,,external_domain;studenti,no,2026-05-18T14:08:59Z,2026-08-22T12:47:06Z
it-unibo-triage-00034,it-unibo,https://www.unibo.it/it/ateneo/lavora-con-noi,https://outlook.office.com/unibo.it/,Accedi,unknown,likely_not_relevant,medium,no,yes,Negative navigation/legal/external-domain signal without competition signal.,,external_domain,no,2026-05-18T14:08:59Z,2026-08-22T12:47:06Z
it-unibo-triage-00035,it-unibo,https://www.unibo.it/it/ateneo/lavora-con-noi,https://www.unibo.it/it/ateneo/organizzazione-e-sedi/servizi-di-ateneo/servizi-online/la-mia-e-mail,Guida e informazioni,unknown,unknown_requires_review,not_determinable,yes,no,,,,yes,2026-05-18T14:08:59Z,2026-08-22T12:47:06Z
it-unibo-triage-00036,it-unibo,https://www.unibo.it/it/ateneo/lavora-con-noi,https://www.unibo.it/it,,unknown,unknown_requires_review,not_determinable,yes,no,,,,yes,2026-05-18T14:08:59Z,2026-08-22T12:47:06Z
it-unibo-triage-00037,it-unibo,https://www.unibo.it/it/ateneo/lavora-con-noi,https://www.unibo.it/it/ateneo,Ateneo,unknown,unknown_requires_review,not_determinable,yes,no,,,,yes,2026-05-18T14:08:59Z,2026-08-22T12:47:06Z
it-unibo-triage-00038,it-unibo,https://www.unibo.it/it/ateneo/lavora-con-noi,https://www.unibo.it/it/ateneo/chi-siamo,Chi siamo,unknown,unknown_requires_review,not_determinable,yes,no,,,,yes,2026-05-18T14:08:59Z,2026-08-22T12:47:06Z
it-unibo-triage-00039,it-unibo,https://www.unibo.it/it/ateneo/lavora-con-noi,https://www.unibo.it/it/ateneo/organizzazione-e-sedi,Organizzazione e sedi,unknown,unknown_requires_review,not_determinable,yes,no,,,,yes,2026-05-18T14:08:59Z,2026-08-22T12:47:06Z
it-unibo-triage-00040,it-unibo,https://www.unibo.it/it/ateneo/lavora-con-noi,https://www.unibo.it/it/ateneo/statuto-norme-strategie-bilanci,"Statuto e norme, strategie e bilanci",unknown,unknown_requires_review,not_determinable,yes,no,,,,yes,2026-05-18T14:08:59Z,2026-08-22T12:47:06Z
it-unipd-triage-00041,it-unipd,https://www.unipd.it/concorsi-selezioni-personale-docente,https://www.unipd.it/ricerca-avanzata?query=Corsi,Corsi,unknown,unknown_requires_review,not_determinable,yes,no,,,,yes,2026-05-18T14:08:59Z,2026-08-22T12:47:06Z
it-unipd-triage-00042,it-unipd,https://www.unipd.it/concorsi-selezioni-personale-docente,https://www.unipd.it/ricerca-avanzata?query=Iscriversi,Iscriversi,unknown,unknown_requires_review,not_determinable,yes,no,,,,yes,2026-05-18T14:08:59Z,2026-08-22T12:47:06Z
it-unipd-triage-00043,it-unipd,https://www.unipd.it/concorsi-selezioni-personale-docente,https://www.unipd.it/ricerca-avanzata?query=Grant,Grant,unknown,unknown_requires_review,not_determinable,yes,no,,,,yes,2026-05-18T14:08:59Z,2026-08-22T12:47:06Z
it-unipd-triage-00044,it-unipd,https://www.unipd.it/concorsi-selezioni-personale-docente,https://www.unipd.it/ricerca-avanzata?query=Contribuzione,Contribuzione,unknown,unknown_requires_review,not_determinable,yes,no,,,,yes,2026-05-18T14:08:59Z,2026-08-22T12:47:06Z
it-unipd-triage-00045,it-unipd,https://www.unipd.it/concorsi-selezioni-personale-docente,https://www.unipd.it/ricerca-avanzata?query=Alloggi,Alloggi,unknown,unknown_requires_review,not_determinable,yes,no,,,,yes,2026-05-18T14:08:59Z,2026-08-22T12:47:06Z
it-unipd-triage-00046,it-unipd,https://www.unipd.it/concorsi-selezioni-personale-docente,https://www.unipd.it/ricerca-avanzata?query=Borse%20di%20studio,Borse di studio,unknown,unknown_requires_review,not_determinable,yes,no,,,,yes,2026-05-18T14:08:59Z,2026-08-22T12:47:06Z
it-unipd-triage-00047,it-unipd,https://www.unipd.it/concorsi-selezioni-personale-docente,https://www.unipd.it/ricerca-avanzata?query=Master,Master,unknown,unknown_requires_review,not_determinable,yes,no,,,,yes,2026-05-18T14:08:59Z,2026-08-22T12:47:06Z
it-unipd-triage-00048,it-unipd,https://www.unipd.it/concorsi-selezioni-personale-docente,https://www.unipd.it/scuole,Scuole,unknown,unknown_requires_review,not_determinable,yes,no,,,,yes,2026-05-18T14:08:59Z,2026-08-22T12:47:06Z
it-unipd-triage-00049,it-unipd,https://www.unipd.it/concorsi-selezioni-personale-docente,https://www.unipd.it/dipartimenti,Dipartimenti,unknown,unknown_requires_review,not_determinable,yes,no,,,,yes,2026-05-18T14:08:59Z,2026-08-22T12:47:06Z
it-unipd-triage-00050,it-unipd,https://www.unipd.it/concorsi-selezioni-personale-docente,https://www.unipd.it/centri-ateneo,Centri,unknown,unknown_requires_review,not_determinable,yes,no,,,,yes,2026-05-18T14:08:59Z,2026-08-22T12:47:06Z
it-unipd-triage-00051,it-unipd,https://www.unipd.it/concorsi-selezioni-personale-docente,https://www.unipd.it/sostieni-unipd,Sostieni Unipd,unknown,unknown_requires_review,not_determinable,yes,no,,,,yes,2026-05-18T14:08:59Z,2026-08-22T12:47:06Z
it-unipd-triage-00052,it-unipd,https://www.unipd.it/concorsi-selezioni-personale-docente,https://www.unipd.it/area-stampa,Area stampa,unknown,unknown_requires_review,not_determinable,yes,no,,,,yes,2026-05-18T14:08:59Z,2026-08-22T12:47:06Z
it-unipd-triage-00053,it-unipd,https://www.unipd.it/concorsi-selezioni-personale-docente,https://www.unipd.it/lavora-con-noi,Lavora con noi,unknown,possible_competition_source,medium,yes,no,,lavora con noi;lavora-con-noi,,yes,2026-05-18T14:08:59Z,2026-08-22T12:47:06Z
it-unipd-triage-00054,it-unipd,https://www.unipd.it/concorsi-selezioni-personale-docente,https://www.unipd.it/rubrica,phone,unknown,generic_institutional_page,low,no,yes,Generic institutional or service-page signal without competition signal.,,rubrica,yes,2026-05-18T14:08:59Z,2026-08-22T12:47:06Z
it-unipd-triage-00055,it-unipd,https://www.unipd.it/concorsi-selezioni-personale-docente,https://www.unipd.it/webmail,mail,unknown,generic_institutional_page,low,no,yes,Generic institutional or service-page signal without competition signal.,,webmail,yes,2026-05-18T14:08:59Z,2026-08-22T12:47:06Z
it-unipd-triage-00056,it-unipd,https://www.unipd.it/concorsi-selezioni-personale-docente,https://www.unipd.it/,,unknown,unknown_requires_review,not_determinable,yes,no,,,,yes,2026-05-18T14:08:59Z,2026-08-22T12:47:06Z
it-unipd-triage-00057,it-unipd,https://www.unipd.it/concorsi-selezioni-personale-docente,https://www.universitaperta-unipd.it/eventi/universita-aperta/universita-aperta-2026,Registrati e partecipa,unknown,likely_not_relevant,medium,no,yes,Negative navigation/legal/external-domain signal without competition signal.,,/eventi;eventi;external_domain,no,2026-05-18T14:08:59Z,2026-08-22T12:47:06Z
it-unipd-triage-00058,it-unipd,https://www.unipd.it/concorsi-selezioni-personale-docente,https://www.unipd.it/per-chi-lavora,Scopri di cosa si tratta,unknown,unknown_requires_review,not_determinable,yes,no,,,,yes,2026-05-18T14:08:59Z,2026-08-22T12:47:06Z
it-unipd-triage-00059,it-unipd,https://www.unipd.it/concorsi-selezioni-personale-docente,https://www.unipd.it/servizi/supporto-studio/tutorato/diventare-tutor,Scopri come,unknown,unknown_requires_review,not_determinable,yes,no,,,,yes,2026-05-18T14:08:59Z,2026-08-22T12:47:06Z
it-unipd-triage-00060,it-unipd,https://www.unipd.it/concorsi-selezioni-personale-docente,https://www.unipd.it/alloggi-studenti-internazionali,Scopri di più,unknown,generic_institutional_page,low,no,yes,Generic institutional or service-page signal without competition signal.,,studenti,yes,2026-05-18T14:08:59Z,2026-08-22T12:47:06Z
it-unipd-triage-00061,it-unipd,https://www.unipd.it/concorsi-selezioni-personale-docente,https://www.unipd.it/orientarsi-iscriversi-titolo-italiano,I nostri servizi di orientamentoAl tuo fianco nella scelta,unknown,generic_institutional_page,low,no,yes,Generic institutional or service-page signal without competition signal.,,orientamento,yes,2026-05-18T14:08:59Z,2026-08-22T12:47:06Z
it-unipd-triage-00062,it-unipd,https://www.unipd.it/concorsi-selezioni-personale-docente,https://www.unipd.it/corsi,Trova il tuo corsoEntra a fare parte della comunità Unipd,unknown,unknown_requires_review,not_determinable,yes,no,,,,yes,2026-05-18T14:08:59Z,2026-08-22T12:47:06Z
it-unipd-triage-00063,it-unipd,https://www.unipd.it/concorsi-selezioni-personale-docente,https://www.unipd.it/corsi/internazionale,Fai esperienza all’esteroUn’opportunità formidabile,unknown,possible_competition_source,medium,yes,no,,opportunità,,yes,2026-05-18T14:08:59Z,2026-08-22T12:47:06Z
it-unipd-triage-00064,it-unipd,https://www.unipd.it/concorsi-selezioni-personale-docente,https://www.unipd.it/corsi/verso-il-lavoro,Dopo la laureaProsegui gli studi o avviati al lavoro,unknown,unknown_requires_review,not_determinable,yes,no,,,,yes,2026-05-18T14:08:59Z,2026-08-22T12:47:06Z
it-unipd-triage-00065,it-unipd,https://www.unipd.it/concorsi-selezioni-personale-docente,https://www.unipd.it/universita-e-citta,Unipd lifePartecipa alla vita del campus,unknown,generic_institutional_page,low,no,yes,Generic institutional or service-page signal without competition signal.,,campus,yes,2026-05-18T14:08:59Z,2026-08-22T12:47:06Z
it-unipd-triage-00066,it-unipd,https://www.unipd.it/concorsi-selezioni-personale-docente,https://www.unipd.it/edilizia-contemporanea,Scopri di più,unknown,unknown_requires_review,not_determinable,yes,no,,,,yes,2026-05-18T14:08:59Z,2026-08-22T12:47:06Z
it-unipd-triage-00067,it-unipd,https://www.unipd.it/concorsi-selezioni-personale-docente,https://www.unipd.it/news,Scopri tutte le notizie,unknown,generic_institutional_page,low,no,yes,Generic institutional or service-page signal without competition signal.,,/news;news,yes,2026-05-18T14:08:59Z,2026-08-22T12:47:06Z
it-unipd-triage-00068,it-unipd,https://www.unipd.it/concorsi-selezioni-personale-docente,https://www.unipd.it/it/news/colloquia-il-simulatore-intelligente-di-unipd-prepararsi-ai-colloqui-di-lavoro,"Studentesse e studentiColloquIA, il simulatore intelligente di Unipd per prepararsi ai colloqui di lavoroL’IA al servizio dell’orientamento: un avatar-recruiter per prepararsi ai colloqui in modo pratico e personalizzato18/05/26",unknown,generic_institutional_page,low,no,yes,Generic institutional or service-page signal without competition signal.,,/news;news;orientamento;studenti,yes,2026-05-18T14:08:59Z,2026-08-22T12:47:06Z
it-unipd-triage-00069,it-unipd,https://www.unipd.it/concorsi-selezioni-personale-docente,https://www.unipd.it/it/news/obesita-nel-mondo-rallenta-nei-paesi-sviluppati-cresce-nei-paesi-di-sviluppo,"RicercaObesità nel mondo: rallenta nei Paesi sviluppati, cresce nei Paesi in via di sviluppoObesità mondiale: contenimento nei Paesi industrializzati, crescita critica nei Paesi più poveri18/05/26",unknown,generic_institutional_page,low,no,yes,Generic institutional or service-page signal without competition signal.,,/news;news,yes,2026-05-18T14:08:59Z,2026-08-22T12:47:06Z
it-unipd-triage-00070,it-unipd,https://www.unipd.it/concorsi-selezioni-personale-docente,https://www.unipd.it/it/news/luniversita-di-padova-alla-lion-explorer-2026-di-dragon-boat,"Studentesse e studentiL’Università di Padova al secondo posto nella Lion Explorer 2026 di Dragon BoatUna giornata di sport, inclusione e confronto internazionale tra atenei sulle acque veneziane18/05/26",unknown,generic_institutional_page,low,no,yes,Generic institutional or service-page signal without competition signal.,,/news;news;studenti,yes,2026-05-18T14:08:59Z,2026-08-22T12:47:06Z
it-unipd-triage-00071,it-unipd,https://www.unipd.it/concorsi-selezioni-personale-docente,https://www.unipd.it/it/news/un-dipartimento-ciclosostenibile,Studentesse e studentiUn dipartimento ciclosostenibileIl Dipartimento di Matematica ha inaugurato le nuove strutture dedicate alla mobilità in bicicletta15/05/26,unknown,generic_institutional_page,low,no,yes,Generic institutional or service-page signal without competition signal.,,/news;news;studenti,yes,2026-05-18T14:08:59Z,2026-08-22T12:47:06Z
it-unipd-triage-00072,it-unipd,https://www.unipd.it/concorsi-selezioni-personale-docente,https://www.unipd.it/it/news/innodabio-luniversita-di-padova-trasforma-le-bioplastiche-biometano,"RicercaInnoDABio, l’Università di Padova trasforma le bioplastiche in biometanoPresentati i risultati del progetto con Fondazione Cariverona, ETRA e BTS Biogas14/05/26",unknown,generic_institutional_page,low,no,yes,Generic institutional or service-page signal without competition signal.,,/news;news,yes,2026-05-18T14:08:59Z,2026-08-22T12:47:06Z
it-unipd-triage-00073,it-unipd,https://www.unipd.it/concorsi-selezioni-personale-docente,https://www.unipd.it/it/news/depressione-e-tempo-sospeso-lo-studio-delle-universita-di-padova-e-pisa,"RicercaDepressione e tempo ""sospeso"": lo studio delle Università di Pisa e PadovaUna ricerca evidenzia come la depressione “scollega” emozioni e orologio interno 13/05/26",unknown,generic_institutional_page,low,no,yes,Generic institutional or service-page signal without competition signal.,,/news;news;press,yes,2026-05-18T14:08:59Z,2026-08-22T12:47:06Z
it-unipd-triage-00074,it-unipd,https://www.unipd.it/concorsi-selezioni-personale-docente,https://www.unipd.it/it/news/al-i-corsi-estivi-bressanone-laa-20252026,"Studentesse e studentiAl via i corsi estivi a Bressanone per l’a.a. 2025/2026La Summer School propone 39 corsi condivisi tra le Scuole di Ateneo, organizzati in due turni tra luglio e agosto 202613/05/26",unknown,generic_institutional_page,low,no,yes,Generic institutional or service-page signal without competition signal.,,/news;news;studenti,yes,2026-05-18T14:08:59Z,2026-08-22T12:47:06Z
it-unipd-triage-00075,it-unipd,https://www.unipd.it/concorsi-selezioni-personale-docente,https://www.unipd.it/it/news/coabitazione-intergenerazionale-al-la-quarta-edizione-del-progetto,"Studentesse e studentiCoabitazione intergenerazionale, al via la quarta edizione del progettoStudenti e studentesse in cerca di casa e persone over 65 disponibili a ospitare possono candidarsi online entro giugno13/05/26",unknown,generic_institutional_page,low,no,yes,Generic institutional or service-page signal without competition signal.,,/news;news;studenti,yes,2026-05-18T14:08:59Z,2026-08-22T12:47:06Z
it-unipd-triage-00076,it-unipd,https://www.unipd.it/concorsi-selezioni-personale-docente,https://www.unipd.it/it/events/mostre-dedicate-agli-architetti-mansutti-e-miozzo,Economia e societàMostre dedicate agli architetti Mansutti e MiozzoMostreSedi varie - Padovadal 17 maggio 2026 al 31 luglio 202608:00 - 17:00,unknown,generic_institutional_page,low,no,yes,Generic institutional or service-page signal without competition signal.,,/events;events,yes,2026-05-18T14:08:59Z,2026-08-22T12:47:06Z
it-unipd-triage-00077,it-unipd,https://www.unipd.it/concorsi-selezioni-personale-docente,https://www.unipd.it/it/events/maggio-al-museo-poleni,Scienza e tecnologiaMaggio al Museo PoleniAttività per tutte le etàMuseo Giovanni Poleni - Padovadal 17 maggio 2026 al 31 maggio 202613:00 - 17:00,unknown,possible_competition_source,medium,yes,no,,tecnologi,/events;events,yes,2026-05-18T14:08:59Z,2026-08-22T12:47:06Z
it-unipd-triage-00078,it-unipd,https://www.unipd.it/concorsi-selezioni-personale-docente,https://www.unipd.it/it/events/congresso-di-ottica-e-optometria,Medicina e saluteCongresso di Ottica e OptometriaCongressoPalazzo del Bo - Padova18 maggio 202607:00 - 15:00,unknown,generic_institutional_page,low,no,yes,Generic institutional or service-page signal without competition signal.,,/events;events,yes,2026-05-18T14:08:59Z,2026-08-22T12:47:06Z
it-unipd-triage-00079,it-unipd,https://www.unipd.it/concorsi-selezioni-personale-docente,https://www.unipd.it/it/events/industria-e-design-del-videogioco-italia,Scienza e tecnologiaIndustria e design del videogioco in ItaliaLezionePalazzo Beldomandi - Padova18 maggio 202608:30 - 10:30,unknown,possible_competition_source,medium,yes,no,,tecnologi,/events;events,yes,2026-05-18T14:08:59Z,2026-08-22T12:47:06Z
it-unipd-triage-00080,it-unipd,https://www.unipd.it/concorsi-selezioni-personale-docente,https://www.unipd.it/it/events/traces-forty-students-around-world,"Storia e culturaTraces of ""Forty"" - Students from around the worldVisite guidate tematiche a Palazzo del BoPalazzo del Bo - Padova18 maggio 202611:00 - 15:00",unknown,generic_institutional_page,low,no,yes,Generic institutional or service-page signal without competition signal.,,/events;events;students,yes,2026-05-18T14:08:59Z,2026-08-22T12:47:06Z
it-unipd-triage-00081,it-unipd,https://www.unipd.it/concorsi-selezioni-personale-docente,https://www.unipd.it/lavora-con-noi,Lavora con noi,unknown,possible_competition_source,medium,yes,no,,lavora con noi;lavora-con-noi,,yes,2026-05-18T14:08:59Z,2026-08-22T12:47:06Z
it-unipd-triage-00082,it-unipd,https://www.unipd.it/concorsi-selezioni-personale-docente,https://www.unipd.it/selezioni-personale-indeterminato,Per personale pta a tempo indeterminato,unknown,possible_competition_source,medium,yes,no,,pta;selezioni,,yes,2026-05-18T14:08:59Z,2026-08-22T12:47:06Z
it-unipd-triage-00083,it-unipd,https://www.unipd.it/concorsi-selezioni-personale-docente,https://www.unipd.it/selezioni-personale-determinato,Per personale pta a tempo determinato,unknown,possible_competition_source,medium,yes,no,,pta;selezioni,,yes,2026-05-18T14:08:59Z,2026-08-22T12:47:06Z
it-unipd-triage-00084,it-unipd,https://www.unipd.it/concorsi-selezioni-personale-docente,https://www.unipd.it/accoglienza-docenti-ricercatori-internazionali,Scopri di più,unknown,possible_competition_source,medium,yes,no,,ricercatori,,yes,2026-05-18T14:08:59Z,2026-08-22T12:47:06Z
it-unipd-triage-00085,it-unipd,https://www.unipd.it/concorsi-selezioni-personale-docente,https://www.unipd.it/procedure-personale-docente,Reclutamento personale docente,competition_listing,possible_competition_source,medium,yes,no,,reclutamento,,yes,2026-05-18T14:08:59Z,2026-08-22T12:47:06Z
it-unipd-triage-00086,it-unipd,https://www.unipd.it/concorsi-selezioni-personale-docente,https://www.unipd.it/concorsi-personale-tecnico-amministrativo,Personale tecnico amministrativo,competition_listing,possible_competition_source,medium,yes,no,,concorsi,,yes,2026-05-18T14:08:59Z,2026-08-22T12:47:06Z
it-unipd-triage-00087,it-unipd,https://www.unipd.it/concorsi-selezioni-personale-docente,https://www.unipd.it/concorsi-selezioni-dirigenti,Dirigenti,competition_listing,possible_competition_source,medium,yes,no,,concorsi;selezioni,,yes,2026-05-18T14:08:59Z,2026-08-22T12:47:06Z
it-unipd-triage-00088,it-unipd,https://www.unipd.it/concorsi-selezioni-personale-docente,https://www.unipd.it/concorsi-selezioni-incarichi,Incarichi,competition_listing,possible_competition_source,medium,yes,no,,concorsi;selezioni,,yes,2026-05-18T14:08:59Z,2026-08-22T12:47:06Z
it-unipd-triage-00089,it-unipd,https://www.unipd.it/concorsi-selezioni-personale-docente,https://www.unipd.it/bandi-dipartimenti,Bandi delle strutture di Ateneo,unknown,possible_competition_source,medium,yes,no,,bandi,,yes,2026-05-18T14:08:59Z,2026-08-22T12:47:06Z
it-unipd-triage-00090,it-unipd,https://www.unipd.it/concorsi-selezioni-personale-docente,https://www.unipd.it/altre-selezioni,Altre selezioni,unknown,possible_competition_source,medium,yes,no,,selezioni,,yes,2026-05-18T14:08:59Z,2026-08-22T12:47:06Z
it-unipd-triage-00091,it-unipd,https://www.unipd.it/concorsi-selezioni-personale-docente,https://www.unipd.it/bandi-gara-contratti,Bandi di gara e contratti,unknown,possible_competition_source,medium,yes,no,,bandi,,yes,2026-05-18T14:08:59Z,2026-08-22T12:47:06Z
it-unipd-triage-00092,it-unipd,https://www.unipd.it/concorsi-selezioni-personale-docente,https://www.unipd.it/albo-on-line,Albo online,unknown,possible_competition_source,medium,yes,no,,albo,,yes,2026-05-18T14:08:59Z,2026-08-22T12:47:06Z
it-unipa-triage-00093,it-unipa,https://www.unipa.it/albo.html,https://www.unipa.it/albo.html#content,Salta al contenuto principale,unknown,possible_competition_source,medium,yes,no,,albo,,yes,2026-05-18T14:08:59Z,2026-08-22T12:47:06Z
it-unipa-triage-00094,it-unipa,https://www.unipa.it/albo.html,https://www.unipa.it/solo-testo.jsp?solotesto=false,Passa alla visualizzazione normale.,unknown,unknown_requires_review,not_determinable,yes,no,,,,yes,2026-05-18T14:08:59Z,2026-08-22T12:47:06Z
it-unipa-triage-00095,it-unipa,https://www.unipa.it/albo.html,https://www.unipa.it/faq,,unknown,generic_institutional_page,low,no,yes,Generic institutional or service-page signal without competition signal.,,faq,yes,2026-05-18T14:08:59Z,2026-08-22T12:47:06Z
it-unipa-triage-00096,it-unipa,https://www.unipa.it/albo.html,https://www.unipa.it/ateneo/pagamenti.html,,unknown,unknown_requires_review,not_determinable,yes,no,,,,yes,2026-05-18T14:08:59Z,2026-08-22T12:47:06Z
it-unipa-triage-00097,it-unipa,https://www.unipa.it/albo.html,https://www.unipa.it,,unknown,unknown_requires_review,not_determinable,yes,no,,,,yes,2026-05-18T14:08:59Z,2026-08-22T12:47:06Z
it-unipa-triage-00098,it-unipa,https://www.unipa.it/albo.html,https://www.unipa.it/albo.html#,Ateneo,unknown,possible_competition_source,medium,yes,no,,albo,,yes,2026-05-18T14:08:59Z,2026-08-22T12:47:06Z
it-unipa-triage-00099,it-unipa,https://www.unipa.it/albo.html,https://www.unipa.it/ateneo/presentazione/,Presentazione,unknown,unknown_requires_review,not_determinable,yes,no,,,,yes,2026-05-18T14:08:59Z,2026-08-22T12:47:06Z
it-unipa-triage-00100,it-unipa,https://www.unipa.it/albo.html,https://www.unipa.it/ateneo/strutture/,Strutture,unknown,unknown_requires_review,not_determinable,yes,no,,,,yes,2026-05-18T14:08:59Z,2026-08-22T12:47:06Z
it-unipa-triage-00101,it-unipa,https://www.unipa.it/albo.html,https://www.unipa.it/strutture/poli-decentrati/,Poli Territoriali,unknown,unknown_requires_review,not_determinable,yes,no,,,,yes,2026-05-18T14:08:59Z,2026-08-22T12:47:06Z
it-unipa-triage-00102,it-unipa,https://www.unipa.it/albo.html,https://www.unipa.it/ateneo/OrganiDiGovernoECollegiali/,Organi di governo e collegiali,unknown,unknown_requires_review,not_determinable,yes,no,,,,yes,2026-05-18T14:08:59Z,2026-08-22T12:47:06Z
it-unipa-triage-00103,it-unipa,https://www.unipa.it/albo.html,https://www.unipa.it/servizi/resocontisedutesaecda/,Il Rettorato informa,unknown,unknown_requires_review,not_determinable,yes,no,,,,yes,2026-05-18T14:08:59Z,2026-08-22T12:47:06Z
it-unipa-triage-00104,it-unipa,https://www.unipa.it/albo.html,https://www.unipa.it/ateneo/amministrazione/,Amministrazione,unknown,unknown_requires_review,not_determinable,yes,no,,,,yes,2026-05-18T14:08:59Z,2026-08-22T12:47:06Z
it-unipa-triage-00105,it-unipa,https://www.unipa.it/albo.html,https://www.unipa.it/ateneo/assicurazione-della-qualita-aq/,Assicurazione della Qualità - AQ,unknown,unknown_requires_review,not_determinable,yes,no,,,,yes,2026-05-18T14:08:59Z,2026-08-22T12:47:06Z
it-unipa-triage-00106,it-unipa,https://www.unipa.it/albo.html,https://www.unipa.it/servizi/prevenzionedellacorruzione/regolamenti-di-ateneo/,Regolamenti,unknown,unknown_requires_review,not_determinable,yes,no,,,,yes,2026-05-18T14:08:59Z,2026-08-22T12:47:06Z
it-unipa-triage-00107,it-unipa,https://www.unipa.it/albo.html,https://www.unipa.it/ateneo/bilanci-di-ateneo/,Bilanci,unknown,unknown_requires_review,not_determinable,yes,no,,,,yes,2026-05-18T14:08:59Z,2026-08-22T12:47:06Z
it-unipa-triage-00108,it-unipa,https://www.unipa.it/albo.html,https://www.unipa.it/ateneo/pianificazione-strategica/,Pianificazione Strategica,unknown,unknown_requires_review,not_determinable,yes,no,,,,yes,2026-05-18T14:08:59Z,2026-08-22T12:47:06Z
it-unipa-triage-00109,it-unipa,https://www.unipa.it/albo.html,https://www.unipa.it/privacy,Protezione dati personali,unknown,likely_not_relevant,medium,no,yes,Negative navigation/legal/external-domain signal without competition signal.,,/privacy;privacy,no,2026-05-18T14:08:59Z,2026-08-22T12:47:06Z
it-unipa-triage-00110,it-unipa,https://www.unipa.it/albo.html,https://www.unipa.it/ateneo/unipacomunica,Unipa Comunica,unknown,unknown_requires_review,not_determinable,yes,no,,,,yes,2026-05-18T14:08:59Z,2026-08-22T12:47:06Z
it-unipa-triage-00111,it-unipa,https://www.unipa.it/albo.html,https://www.unipa.it/didattica/offerta-formativa.html,"Lauree, Lauree Magistrali e Ciclo Unico",unknown,generic_institutional_page,low,no,yes,Generic institutional or service-page signal without competition signal.,,didattica,yes,2026-05-18T14:08:59Z,2026-08-22T12:47:06Z
it-unipa-triage-00112,it-unipa,https://www.unipa.it/albo.html,https://www.unipa.it/strutture/scuoladidottorato/,Scuola di Dottorato,unknown,unknown_requires_review,not_determinable,yes,no,,,,yes,2026-05-18T14:08:59Z,2026-08-22T12:47:06Z
it-unipa-triage-00113,it-unipa,https://www.unipa.it/albo.html,https://www.unipa.it/servizi/masterecorsidiperfezionamento/,Master e Corsi di perfezionamento,unknown,unknown_requires_review,not_determinable,yes,no,,,,yes,2026-05-18T14:08:59Z,2026-08-22T12:47:06Z
it-unipa-triage-00114,it-unipa,https://www.unipa.it/albo.html,https://www.unipa.it/didattica/scuoleDiSpecializzazione.html,Scuole di Specializzazione,unknown,generic_institutional_page,low,no,yes,Generic institutional or service-page signal without competition signal.,,didattica;pec,yes,2026-05-18T14:08:59Z,2026-08-22T12:47:06Z
it-unipa-triage-00115,it-unipa,https://www.unipa.it/albo.html,https://www.unipa.it/scuole/dimedicinaechirurgia/,Scuola di Medicina e Chirurgia,unknown,unknown_requires_review,not_determinable,yes,no,,,,yes,2026-05-18T14:08:59Z,2026-08-22T12:47:06Z
it-unipa-triage-00116,it-unipa,https://www.unipa.it/albo.html,https://www.unipa.it/servizi/esamidistato/,Esami di Stato,unknown,unknown_requires_review,not_determinable,yes,no,,,,yes,2026-05-18T14:08:59Z,2026-08-22T12:47:06Z
it-unipa-triage-00117,it-unipa,https://www.unipa.it/albo.html,https://www.unipa.it/didattica/corsi-specializzazione-sostegno/,Corsi di specializzazione per le attività di sostegno,unknown,generic_institutional_page,low,no,yes,Generic institutional or service-page signal without competition signal.,,didattica;pec,yes,2026-05-18T14:08:59Z,2026-08-22T12:47:06Z
it-unipa-triage-00118,it-unipa,https://www.unipa.it/albo.html,https://www.unipa.it/didattica/cfi/,Centro Formazione Insegnanti,unknown,generic_institutional_page,low,no,yes,Generic institutional or service-page signal without competition signal.,,didattica,yes,2026-05-18T14:08:59Z,2026-08-22T12:47:06Z
it-unipa-triage-00119,it-unipa,https://www.unipa.it/albo.html,https://www.unipa.it/servizi/segreterie/,Segreterie studenti,unknown,generic_institutional_page,low,no,yes,Generic institutional or service-page signal without competition signal.,,studenti,yes,2026-05-18T14:08:59Z,2026-08-22T12:47:06Z
it-unipa-triage-00120,it-unipa,https://www.unipa.it/albo.html,https://www.unipa.it/strutture/cimdu/,TLC-CIMDU,unknown,unknown_requires_review,not_determinable,yes,no,,,,yes,2026-05-18T14:08:59Z,2026-08-22T12:47:06Z
it-unipa-triage-00121,it-unipa,https://www.unipa.it/albo.html,https://offertaformativa.unipa.it/offweb/public/aula/aulaCalendar.seam,Aule e laboratori,unknown,likely_not_relevant,medium,no,yes,Negative navigation/legal/external-domain signal without competition signal.,,external_domain,no,2026-05-18T14:08:59Z,2026-08-22T12:47:06Z
it-unipa-triage-00122,it-unipa,https://www.unipa.it/albo.html,https://www.unipa.it/dipartimenti/,Dipartimenti,unknown,unknown_requires_review,not_determinable,yes,no,,,,yes,2026-05-18T14:08:59Z,2026-08-22T12:47:06Z
it-unipa-triage-00123,it-unipa,https://www.unipa.it/albo.html,https://www.unipa.it/servizi/atencenter/,ATeN Center,unknown,unknown_requires_review,not_determinable,yes,no,,,,yes,2026-05-18T14:08:59Z,2026-08-22T12:47:06Z
it-unipa-triage-00124,it-unipa,https://www.unipa.it/albo.html,https://iris.unipa.it/,Archivio istituzionale della ricerca - Iris,unknown,likely_not_relevant,medium,no,yes,Negative navigation/legal/external-domain signal without competition signal.,,external_domain,no,2026-05-18T14:08:59Z,2026-08-22T12:47:06Z
it-unipa-triage-00125,it-unipa,https://www.unipa.it/albo.html,https://www.unipa.it/biblioteche/scopri-i-servizi/supporto-alla-ricerca/,Servizi bibliotecari per la ricerca,unknown,generic_institutional_page,low,no,yes,Generic institutional or service-page signal without competition signal.,,biblioteca,yes,2026-05-18T14:08:59Z,2026-08-22T12:47:06Z
it-unipa-triage-00126,it-unipa,https://www.unipa.it/albo.html,https://www.unipa.it/organigramma/arearicerca/,Area Ricerca e Innovazione,unknown,unknown_requires_review,not_determinable,yes,no,,,,yes,2026-05-18T14:08:59Z,2026-08-22T12:47:06Z
it-unipa-triage-00127,it-unipa,https://www.unipa.it/albo.html,https://www.unipa.it/organigramma/arearicerca/Fare-ricerca-Bandi--Opportunit-00001/,Fare Ricerca: Bandi e Opportunità,unknown,possible_competition_source,medium,yes,no,,bandi;opportunità,,yes,2026-05-18T14:08:59Z,2026-08-22T12:47:06Z
it-unipa-triage-00128,it-unipa,https://www.unipa.it/albo.html,https://www.unipa.it/biblioteche/collezioni/progetti-editoriali/,Progetti editoriali,unknown,unknown_requires_review,not_determinable,yes,no,,,,yes,2026-05-18T14:08:59Z,2026-08-22T12:47:06Z
it-unipa-triage-00129,it-unipa,https://www.unipa.it/albo.html,https://www.unipa.it/organigramma/arearisorseumane/hr-excellence-in-research/,HR Excellence in Research,unknown,unknown_requires_review,not_determinable,yes,no,,,,yes,2026-05-18T14:08:59Z,2026-08-22T12:47:06Z
it-unipa-triage-00130,it-unipa,https://www.unipa.it/albo.html,https://www.unipa.it/strutture/centre-of-advanced-studies/,A.S.CENT - Centre of Advanced Studies,unknown,unknown_requires_review,not_determinable,yes,no,,,,yes,2026-05-18T14:08:59Z,2026-08-22T12:47:06Z
it-unipa-triage-00131,it-unipa,https://www.unipa.it/albo.html,https://www.unipa.it/progetti/pnrr/,PNRR,unknown,unknown_requires_review,not_determinable,yes,no,,,,yes,2026-05-18T14:08:59Z,2026-08-22T12:47:06Z
it-unipa-triage-00132,it-unipa,https://www.unipa.it/albo.html,https://www.unipa.it/terzamissione/,Terza Missione,unknown,unknown_requires_review,not_determinable,yes,no,,,,yes,2026-05-18T14:08:59Z,2026-08-22T12:47:06Z
it-unipa-triage-00133,it-unipa,https://www.unipa.it/albo.html,https://www.unipa.it/albo.html#content,Salta al contenuto principale,unknown,possible_competition_source,medium,yes,no,,albo,,yes,2026-05-18T14:08:59Z,2026-08-22T12:47:06Z
it-unipa-triage-00134,it-unipa,https://www.unipa.it/albo.html,https://www.unipa.it/albo.html#,Ateneo,unknown,possible_competition_source,medium,yes,no,,albo,,yes,2026-05-18T14:08:59Z,2026-08-22T12:47:06Z
it-unipa-triage-00135,it-unipa,https://www.unipa.it/albo.html,https://www.unipa.it/organigramma/arearicerca/Fare-ricerca-Bandi--Opportunit-00001/,Fare Ricerca: Bandi e Opportunità,unknown,possible_competition_source,medium,yes,no,,bandi;opportunità,,yes,2026-05-18T14:08:59Z,2026-08-22T12:47:06Z
it-unipa-triage-00136,it-unipa,https://www.unipa.it/albo.html,https://www.unipa.it/albo.html,ITA,recruitment_page,possible_competition_source,medium,yes,no,,albo,,yes,2026-05-18T14:08:59Z,2026-08-22T12:47:06Z
it-unipa-triage-00137,it-unipa,https://www.unipa.it/albo.html,https://www.unipa.it/albo_fornitori.html,Albo Fornitori,unknown,possible_competition_source,medium,yes,no,,albo,,yes,2026-05-18T14:08:59Z,2026-08-22T12:47:06Z
it-unipa-triage-00138,it-unipa,https://www.unipa.it/albo.html,https://www.unipa.it/albo.html#content,Salta al contenuto principale,unknown,possible_competition_source,medium,yes,no,,albo,,yes,2026-05-18T14:08:59Z,2026-08-22T12:47:06Z
it-unipa-triage-00139,it-unipa,https://www.unipa.it/albo.html,https://www.unipa.it/albo.html#,Ateneo,unknown,possible_competition_source,medium,yes,no,,albo,,yes,2026-05-18T14:08:59Z,2026-08-22T12:47:06Z
it-unipa-triage-00140,it-unipa,https://www.unipa.it/albo.html,https://www.unipa.it/organigramma/arearicerca/Fare-ricerca-Bandi--Opportunit-00001/,Fare Ricerca: Bandi e Opportunità,unknown,possible_competition_source,medium,yes,no,,bandi;opportunità,,yes,2026-05-18T14:08:59Z,2026-08-22T12:47:06Z
it-unipa-triage-00141,it-unipa,https://www.unipa.it/albo.html,https://www.unipa.it/albo.html,ITA,recruitment_page,possible_competition_source,medium,yes,no,,albo,,yes,2026-05-18T14:08:59Z,2026-08-22T12:47:06Z
it-unipa-triage-00142,it-unipa,https://www.unipa.it/albo.html,https://www.unipa.it/albo_fornitori.html,Albo Fornitori,unknown,possible_competition_source,medium,yes,no,,albo,,yes,2026-05-18T14:08:59Z,2026-08-22T12:47:06Z
it-unipa-triage-00143,it-unipa,https://www.unipa.it/albo.html,https://www.unipa.it/organigramma/arearicerca/Fare-ricerca-Bandi--Opportunit-00001/#content,Salta al contenuto principale,unknown,possible_competition_source,medium,yes,no,,bandi,,yes,2026-05-18T14:08:59Z,2026-08-22T12:47:06Z
it-unipa-triage-00144,it-unipa,https://www.unipa.it/albo.html,https://www.unipa.it/organigramma/arearicerca/Fare-ricerca-Bandi--Opportunit-00001/#,Ateneo,unknown,possible_competition_source,medium,yes,no,,bandi,,yes,2026-05-18T14:08:59Z,2026-08-22T12:47:06Z
it-unipa-triage-00145,it-unipa,https://www.unipa.it/albo.html,https://www.unipa.it/organigramma/arearicerca/Fare-ricerca-Bandi--Opportunit-00001/,Fare Ricerca: Bandi e Opportunità,unknown,possible_competition_source,medium,yes,no,,bandi;opportunità,,yes,2026-05-18T14:08:59Z,2026-08-22T12:47:06Z
it-unipa-triage-00146,it-unipa,https://www.unipa.it/albo.html,https://www.unipa.it/system/modules/it.unipa.opencms.pdf/pages/documento.pdf?uri=/organigramma/arearicerca/Fare-ricerca-Bandi--Opportunit-00001/,,unknown,possible_competition_source,medium,yes,no,,bandi,,yes,2026-05-18T14:08:59Z,2026-08-22T12:47:06Z
it-unipa-triage-00147,it-unipa,https://www.unipa.it/albo.html,https://www.unipa.it/albo.html,Albo Ufficiale,recruitment_page,possible_competition_source,medium,yes,no,,albo,,yes,2026-05-18T14:08:59Z,2026-08-22T12:47:06Z
it-unipa-triage-00148,it-unipa,https://www.unipa.it/albo.html,https://www.unipa.it/albo_fornitori.html,Albo Fornitori,unknown,possible_competition_source,medium,yes,no,,albo,,yes,2026-05-18T14:08:59Z,2026-08-22T12:47:06Z
it-unipi-triage-00149,it-unipi,https://www.unipi.it/,https://www.unipi.it/#content,Vai al contenuto principale della pagina,unknown,unknown_requires_review,not_determinable,yes,no,,,,yes,2026-05-18T14:08:59Z,2026-08-22T12:47:06Z
it-unipi-triage-00150,it-unipi,https://www.unipi.it/,https://www.unipi.it/#12046,Vai al menu principale del sito,unknown,unknown_requires_review,not_determinable,yes,no,,,,yes,2026-05-18T14:08:59Z,2026-08-22T12:47:06Z
it-unipi-triage-00151,it-unipi,https://www.unipi.it/,https://www.unipi.it/#elementor-action%3Aaction%3Dpopup%3Aopen%26settings%3DeyJpZCI6IjUyOTYiLCJ0b2dnbGUiOmZhbHNlfQ%3D%3D,Vai alla funzione di ricerca del sito,unknown,unknown_requires_review,not_determinable,yes,no,,,,yes,2026-05-18T14:08:59Z,2026-08-22T12:47:06Z
it-unipi-triage-00152,it-unipi,https://www.unipi.it/,https://www.unipi.it/#elementor-action%3Aaction%3Dpopup%3Aopen%26settings%3DeyJpZCI6NTI5NiwidG9nZ2xlIjpmYWxzZX0%3D,,unknown,unknown_requires_review,not_determinable,yes,no,,,,yes,2026-05-18T14:08:59Z,2026-08-22T12:47:06Z
it-unipi-triage-00153,it-unipi,https://www.unipi.it/,https://www.unipi.it/#elementor-action%3Aaction%3Dpopup%3Aclose%26settings%3DeyJkb19ub3Rfc2hvd19hZ2FpbiI6InllcyJ9,,unknown,unknown_requires_review,not_determinable,yes,no,,,,yes,2026-05-18T14:08:59Z,2026-08-22T12:47:06Z
it-unipi-triage-00154,it-unipi,https://www.unipi.it/,https://www.unipi.it,,unknown,unknown_requires_review,not_determinable,yes,no,,,,yes,2026-05-18T14:08:59Z,2026-08-22T12:47:06Z
it-unipi-triage-00155,it-unipi,https://www.unipi.it/,https://www.unipi.it/futuri-studenti/,Future/i studenti,unknown,generic_institutional_page,low,no,yes,Generic institutional or service-page signal without competition signal.,,studenti,yes,2026-05-18T14:08:59Z,2026-08-22T12:47:06Z
it-unipi-triage-00156,it-unipi,https://www.unipi.it/,https://www.unipi.it/studenti/,Studenti,unknown,generic_institutional_page,low,no,yes,Generic institutional or service-page signal without competition signal.,,studenti,yes,2026-05-18T14:08:59Z,2026-08-22T12:47:06Z
it-unipi-triage-00157,it-unipi,https://www.unipi.it/,https://www.unipi.it/studenti-internazionali/,Studenti Internazionali,unknown,generic_institutional_page,low,no,yes,Generic institutional or service-page signal without competition signal.,,studenti,yes,2026-05-18T14:08:59Z,2026-08-22T12:47:06Z
it-unipi-triage-00158,it-unipi,https://www.unipi.it/,https://alumni.unipi.it/,Alumni,unknown,likely_not_relevant,medium,no,yes,Negative navigation/legal/external-domain signal without competition signal.,,external_domain,no,2026-05-18T14:08:59Z,2026-08-22T12:47:06Z
it-unipi-triage-00159,it-unipi,https://www.unipi.it/,https://start.unipi.it/,Personale,unknown,likely_not_relevant,medium,no,yes,Negative navigation/legal/external-domain signal without competition signal.,,external_domain,no,2026-05-18T14:08:59Z,2026-08-22T12:47:06Z
it-unipi-triage-00160,it-unipi,https://www.unipi.it/,https://www.unipi.it/enti-e-imprese/,Enti e Imprese,unknown,unknown_requires_review,not_determinable,yes,no,,,,yes,2026-05-18T14:08:59Z,2026-08-22T12:47:06Z
it-unipi-triage-00161,it-unipi,https://www.unipi.it/,https://www.unipi.it/didattica/,Didattica,unknown,generic_institutional_page,low,no,yes,Generic institutional or service-page signal without competition signal.,,didattica,yes,2026-05-18T14:08:59Z,2026-08-22T12:47:06Z
it-unipi-triage-00162,it-unipi,https://www.unipi.it/,https://www.unipi.it/campus-e-servizi/,Campus e Servizi,unknown,generic_institutional_page,low,no,yes,Generic institutional or service-page signal without competition signal.,,campus,yes,2026-05-18T14:08:59Z,2026-08-22T12:47:06Z
it-unipi-triage-00163,it-unipi,https://www.unipi.it/,https://www.unipi.it/ricerca/,Ricerca,unknown,unknown_requires_review,not_determinable,yes,no,,,,yes,2026-05-18T14:08:59Z,2026-08-22T12:47:06Z
it-unipi-triage-00164,it-unipi,https://www.unipi.it/,https://www.unipi.it/innovazione/,Innovazione,unknown,unknown_requires_review,not_determinable,yes,no,,,,yes,2026-05-18T14:08:59Z,2026-08-22T12:47:06Z
it-unipi-triage-00165,it-unipi,https://www.unipi.it/,https://www.unipi.it/universita-e-societa/,Università e Società,unknown,unknown_requires_review,not_determinable,yes,no,,,,yes,2026-05-18T14:08:59Z,2026-08-22T12:47:06Z
it-unipi-triage-00166,it-unipi,https://www.unipi.it/,https://www.unipi.it/ateneo/,Ateneo,unknown,unknown_requires_review,not_determinable,yes,no,,,,yes,2026-05-18T14:08:59Z,2026-08-22T12:47:06Z
it-unipi-triage-00167,it-unipi,https://www.unipi.it/,https://www.unipi.it/unipinews,News,unknown,generic_institutional_page,low,no,yes,Generic institutional or service-page signal without competition signal.,,news,yes,2026-05-18T14:08:59Z,2026-08-22T12:47:06Z
it-unipi-triage-00168,it-unipi,https://www.unipi.it/,https://www.unipi.it/#,Ita,unknown,unknown_requires_review,not_determinable,yes,no,,,,yes,2026-05-18T14:08:59Z,2026-08-22T12:47:06Z
it-unipi-triage-00169,it-unipi,https://www.unipi.it/,https://www.unipi.it/en/,Eng,unknown,unknown_requires_review,not_determinable,yes,no,,,,yes,2026-05-18T14:08:59Z,2026-08-22T12:47:06Z
it-unipi-triage-00170,it-unipi,https://www.unipi.it/,https://www.unipi.it/didattica/corsi/,I corsi,unknown,generic_institutional_page,low,no,yes,Generic institutional or service-page signal without competition signal.,,didattica,yes,2026-05-18T14:08:59Z,2026-08-22T12:47:06Z
it-unipi-triage-00171,it-unipi,https://www.unipi.it/,https://www.unipi.it/didattica/iscrizioni/,Iscrizioni,unknown,generic_institutional_page,low,no,yes,Generic institutional or service-page signal without competition signal.,,didattica,yes,2026-05-18T14:08:59Z,2026-08-22T12:47:06Z
it-unipi-triage-00172,it-unipi,https://www.unipi.it/,https://www.unipi.it/didattica/segreterie/,Segreterie,unknown,generic_institutional_page,low,no,yes,Generic institutional or service-page signal without competition signal.,,didattica,yes,2026-05-18T14:08:59Z,2026-08-22T12:47:06Z
it-unipi-triage-00173,it-unipi,https://www.unipi.it/,https://www.unipi.it/didattica/studi-e-tirocini-allestero/,Studio e tirocinio all'estero,unknown,generic_institutional_page,low,no,yes,Generic institutional or service-page signal without competition signal.,,didattica,yes,2026-05-18T14:08:59Z,2026-08-22T12:47:06Z
it-unipi-triage-00174,it-unipi,https://www.unipi.it/,https://www.unipi.it/didattica/innovazione-della-didattica/,Innovazione della didattica,unknown,generic_institutional_page,low,no,yes,Generic institutional or service-page signal without competition signal.,,didattica,yes,2026-05-18T14:08:59Z,2026-08-22T12:47:06Z
it-unipi-triage-00175,it-unipi,https://www.unipi.it/,https://www.unipi.it/didattica/corsi/lauree-triennali-ciclo-unico/,Lauree triennali e magistrali a ciclo unico,unknown,generic_institutional_page,low,no,yes,Generic institutional or service-page signal without competition signal.,,didattica,yes,2026-05-18T14:08:59Z,2026-08-22T12:47:06Z
it-unipi-triage-00176,it-unipi,https://www.unipi.it/,https://www.unipi.it/didattica/corsi/lauree-magistrali/,Lauree magistrali,unknown,generic_institutional_page,low,no,yes,Generic institutional or service-page signal without competition signal.,,didattica,yes,2026-05-18T14:08:59Z,2026-08-22T12:47:06Z
it-unipi-triage-00177,it-unipi,https://www.unipi.it/,https://www.unipi.it/didattica/corsi/master/,Master,unknown,generic_institutional_page,low,no,yes,Generic institutional or service-page signal without competition signal.,,didattica,yes,2026-05-18T14:08:59Z,2026-08-22T12:47:06Z
it-unipi-triage-00178,it-unipi,https://www.unipi.it/,https://www.unipi.it/didattica/corsi/dottorati/,Dottorati,unknown,generic_institutional_page,low,no,yes,Generic institutional or service-page signal without competition signal.,,didattica,yes,2026-05-18T14:08:59Z,2026-08-22T12:47:06Z
it-unipi-triage-00179,it-unipi,https://www.unipi.it/,https://www.unipi.it/didattica/corsi/scuole-di-specializzazione,Scuole di specializzazione,unknown,generic_institutional_page,low,no,yes,Generic institutional or service-page signal without competition signal.,,didattica;pec,yes,2026-05-18T14:08:59Z,2026-08-22T12:47:06Z
it-unipi-triage-00180,it-unipi,https://www.unipi.it/,https://www.unipi.it/didattica/corsi/formazione-insegnanti/,Formazione insegnanti,unknown,generic_institutional_page,low,no,yes,Generic institutional or service-page signal without competition signal.,,didattica,yes,2026-05-18T14:08:59Z,2026-08-22T12:47:06Z
it-unipi-triage-00181,it-unipi,https://www.unipi.it/,https://www.unipi.it/didattica/corsi/corsi-trasversali/,Corsi Trasversali,unknown,generic_institutional_page,low,no,yes,Generic institutional or service-page signal without competition signal.,,didattica,yes,2026-05-18T14:08:59Z,2026-08-22T12:47:06Z
it-unipi-triage-00182,it-unipi,https://www.unipi.it/,https://www.unipi.it/didattica/corsi/summer-schools/,Summer Schools,unknown,generic_institutional_page,low,no,yes,Generic institutional or service-page signal without competition signal.,,didattica,yes,2026-05-18T14:08:59Z,2026-08-22T12:47:06Z
it-unipi-triage-00183,it-unipi,https://www.unipi.it/,https://www.unipi.it/didattica/corsi/formazione-continua/,Formazione continua,unknown,generic_institutional_page,low,no,yes,Generic institutional or service-page signal without competition signal.,,didattica,yes,2026-05-18T14:08:59Z,2026-08-22T12:47:06Z
it-unipi-triage-00184,it-unipi,https://www.unipi.it/,https://www.unipi.it/didattica/iscrizioni/immatricolazioni-e-iscrizioni/,Immatricolazioni e iscrizioni,unknown,generic_institutional_page,low,no,yes,Generic institutional or service-page signal without competition signal.,,didattica,yes,2026-05-18T14:08:59Z,2026-08-22T12:47:06Z
it-unipi-triage-00185,it-unipi,https://www.unipi.it/,https://www.unipi.it/didattica/iscrizioni/orientamento/,Orientamento,unknown,generic_institutional_page,low,no,yes,Generic institutional or service-page signal without competition signal.,,didattica;orientamento,yes,2026-05-18T14:08:59Z,2026-08-22T12:47:06Z
it-unipi-triage-00186,it-unipi,https://www.unipi.it/,https://www.unipi.it/didattica/iscrizioni/tasse/,Tasse,unknown,generic_institutional_page,low,no,yes,Generic institutional or service-page signal without competition signal.,,didattica,yes,2026-05-18T14:08:59Z,2026-08-22T12:47:06Z
it-unipi-triage-00187,it-unipi,https://www.unipi.it/,https://www.unipi.it/didattica/iscrizioni/borse-di-studio-e-altri-sostegni/,Borse di studio e altre forme di sostegno,unknown,generic_institutional_page,low,no,yes,Generic institutional or service-page signal without competition signal.,,didattica,yes,2026-05-18T14:08:59Z,2026-08-22T12:47:06Z
it-unipi-triage-00188,it-unipi,https://www.unipi.it/,https://www.unipi.it/didattica/iscrizioni/tutorato-di-accoglienza-per-matricole/,Tutorato di accoglienza per matricole,unknown,generic_institutional_page,low,no,yes,Generic institutional or service-page signal without competition signal.,,didattica,yes,2026-05-18T14:08:59Z,2026-08-22T12:47:06Z
it-unirc-triage-00189,it-unirc,https://www.unirc.it/,https://www.unirc.it/#content,Salta al contenuto principale,unknown,unknown_requires_review,not_determinable,yes,no,,,,yes,2026-05-18T14:20:17Z,2026-08-22T12:47:06Z
it-unirc-triage-00190,it-unirc,https://www.unirc.it/,https://www.unirc.it/ateneo/dipartimenti,Dipartimenti,unknown,unknown_requires_review,not_determinable,yes,no,,,,yes,2026-05-18T14:20:17Z,2026-08-22T12:47:06Z
it-unirc-triage-00191,it-unirc,https://www.unirc.it/,https://www.unirc.it/studiare/iscrizioni-e-immatricolazioni,Immatricolazioni 2025/2026,unknown,unknown_requires_review,not_determinable,yes,no,,,,yes,2026-05-18T14:20:17Z,2026-08-22T12:47:06Z
it-unirc-triage-00192,it-unirc,https://www.unirc.it/,https://www.unirc.it/studiare/servizi-studenti,Servizi studenti,unknown,generic_institutional_page,low,no,yes,Generic institutional or service-page signal without competition signal.,,studenti,yes,2026-05-18T14:20:17Z,2026-08-22T12:47:06Z
it-unirc-triage-00193,it-unirc,https://www.unirc.it/,https://www.unirc.it/studiare/iscrizioni-e-immatricolazioni/segreterie,Segreteria studenti,unknown,generic_institutional_page,low,no,yes,Generic institutional or service-page signal without competition signal.,,studenti,yes,2026-05-18T14:20:17Z,2026-08-22T12:47:06Z
it-unirc-triage-00194,it-unirc,https://www.unirc.it/,https://www.unirc.it/studiare/orientamento,Orientamento,unknown,generic_institutional_page,low,no,yes,Generic institutional or service-page signal without competition signal.,,orientamento,yes,2026-05-18T14:20:17Z,2026-08-22T12:47:06Z
it-unirc-triage-00195,it-unirc,https://www.unirc.it/,https://www.unirc.it/tutte-le-notizie,News Eventi Avvisi,unknown,possible_competition_source,medium,yes,no,,avvisi,eventi;news,yes,2026-05-18T14:20:17Z,2026-08-22T12:47:06Z
it-unirc-triage-00196,it-unirc,https://www.unirc.it/,https://www.instagram.com/unircmedi/,Instagram,unknown,likely_not_relevant,medium,no,yes,Negative navigation/legal/external-domain signal without competition signal.,,external_domain;instagram,no,2026-05-18T14:20:17Z,2026-08-22T12:47:06Z
it-unirc-triage-00197,it-unirc,https://www.unirc.it/,https://whatsapp.com/channel/0029Vb4MdRTKAwEkzANHNB3p,Whatsapp,unknown,likely_not_relevant,medium,no,yes,Negative navigation/legal/external-domain signal without competition signal.,,external_domain,no,2026-05-18T14:20:17Z,2026-08-22T12:47:06Z
it-unirc-triage-00198,it-unirc,https://www.unirc.it/,https://www.facebook.com/unircmedi/,Facebook,unknown,likely_not_relevant,medium,no,yes,Negative navigation/legal/external-domain signal without competition signal.,,external_domain;facebook,no,2026-05-18T14:20:17Z,2026-08-22T12:47:06Z
it-unirc-triage-00199,it-unirc,https://www.unirc.it/,https://t.me/unircmedi,Telegram,unknown,likely_not_relevant,medium,no,yes,Negative navigation/legal/external-domain signal without competition signal.,,external_domain,no,2026-05-18T14:20:17Z,2026-08-22T12:47:06Z
it-unirc-triage-00200,it-unirc,https://www.unirc.it/,https://x.com/UniRCMedi,X,unknown,likely_not_relevant,medium,no,yes,Negative navigation/legal/external-domain signal without competition signal.,,external_domain,no,2026-05-18T14:20:17Z,2026-08-22T12:47:06Z
it-unirc-triage-00201,it-unirc,https://www.unirc.it/,https://www.youtube.com/UniRCTV,YouTube,unknown,likely_not_relevant,medium,no,yes,Negative navigation/legal/external-domain signal without competition signal.,,external_domain;youtube,no,2026-05-18T14:20:17Z,2026-08-22T12:47:06Z
it-unirc-triage-00202,it-unirc,https://www.unirc.it/,https://unirc.esse3.cineca.it,ESSE3,unknown,likely_not_relevant,medium,no,yes,Negative navigation/legal/external-domain signal without competition signal.,,external_domain,no,2026-05-18T14:20:17Z,2026-08-22T12:47:06Z
it-unirc-triage-00203,it-unirc,https://www.unirc.it/,https://www.unirc.it/rubrica,RUBRICA,unknown,generic_institutional_page,low,no,yes,Generic institutional or service-page signal without competition signal.,,rubrica,yes,2026-05-18T14:20:17Z,2026-08-22T12:47:06Z
it-unirc-triage-00204,it-unirc,https://www.unirc.it/,https://outlook.office365.com/mail/,webmail,unknown,likely_not_relevant,medium,no,yes,Negative navigation/legal/external-domain signal without competition signal.,,external_domain;webmail,no,2026-05-18T14:20:17Z,2026-08-22T12:47:06Z
it-unirc-triage-00205,it-unirc,https://www.unirc.it/,https://www.international.unirc.it/,EN,unknown,likely_not_relevant,medium,no,yes,Negative navigation/legal/external-domain signal without competition signal.,,external_domain;international,no,2026-05-18T14:20:17Z,2026-08-22T12:47:06Z
it-unirc-triage-00206,it-unirc,https://www.unirc.it/,https://www.unirc.it/,,recruitment_page,possible_competition_source,low,yes,no,,,,yes,2026-05-18T14:20:17Z,2026-08-22T12:47:06Z
it-unirc-triage-00207,it-unirc,https://www.unirc.it/,https://www.unirc.it/corsi/offerta-formativa,Offerta formativa,unknown,unknown_requires_review,not_determinable,yes,no,,,,yes,2026-05-18T14:20:17Z,2026-08-22T12:47:06Z
it-unirc-triage-00208,it-unirc,https://www.unirc.it/,https://www.unirc.it/corsi/lauree-triennali,Lauree triennali,unknown,unknown_requires_review,not_determinable,yes,no,,,,yes,2026-05-18T14:20:17Z,2026-08-22T12:47:06Z
it-unirc-triage-00209,it-unirc,https://www.unirc.it/,https://www.unirc.it/corsi/lauree-magistrali,Lauree magistrali,unknown,unknown_requires_review,not_determinable,yes,no,,,,yes,2026-05-18T14:20:17Z,2026-08-22T12:47:06Z
it-unirc-triage-00210,it-unirc,https://www.unirc.it/,https://www.unirc.it/corsi/lauree-ciclo-unico,Lauree a ciclo unico,unknown,unknown_requires_review,not_determinable,yes,no,,,,yes,2026-05-18T14:20:17Z,2026-08-22T12:47:06Z
it-unirc-triage-00211,it-unirc,https://www.unirc.it/,https://www.unirc.it/corsi/formazione-post-laurea,Formazione post Laurea,unknown,unknown_requires_review,not_determinable,yes,no,,,,yes,2026-05-18T14:20:17Z,2026-08-22T12:47:06Z
it-unirc-triage-00212,it-unirc,https://www.unirc.it/,https://www.unirc.it/corsi/formazione-insegnanti,Formazione insegnanti,unknown,unknown_requires_review,not_determinable,yes,no,,,,yes,2026-05-18T14:20:17Z,2026-08-22T12:47:06Z
it-unirc-triage-00213,it-unirc,https://www.unirc.it/,https://www.unirc.it/corsi/percorsi-formativi-dipendenti-pubblici,Percorsi formativi per dipendenti pubblici,unknown,unknown_requires_review,not_determinable,yes,no,,,,yes,2026-05-18T14:20:17Z,2026-08-22T12:47:06Z
it-unirc-triage-00214,it-unirc,https://www.unirc.it/,https://www.unirc.it/studiare/avvisi,Avvisi - studiare,unknown,possible_competition_source,medium,yes,no,,avvisi,,yes,2026-05-18T14:20:17Z,2026-08-22T12:47:06Z
it-unirc-triage-00215,it-unirc,https://www.unirc.it/,https://www.unirc.it/studiare/carriera-dello-studente,Carriera dello studente,unknown,unknown_requires_review,not_determinable,yes,no,,,,yes,2026-05-18T14:20:17Z,2026-08-22T12:47:06Z
it-unirc-triage-00216,it-unirc,https://www.unirc.it/,https://www.unirc.it/studiare/diritto-allo-studio,Diritto allo studio,unknown,unknown_requires_review,not_determinable,yes,no,,,,yes,2026-05-18T14:20:17Z,2026-08-22T12:47:06Z
it-unirc-triage-00217,it-unirc,https://www.unirc.it/,https://www.unirc.it/studiare/rappresentanze-studentesche,Rappresentanze studentesche,unknown,unknown_requires_review,not_determinable,yes,no,,,,yes,2026-05-18T14:20:17Z,2026-08-22T12:47:06Z
it-unirc-triage-00218,it-unirc,https://www.unirc.it/,https://www.unirc.it/studiare/esami-di-stato,Esami di Stato,unknown,unknown_requires_review,not_determinable,yes,no,,,,yes,2026-05-18T14:20:17Z,2026-08-22T12:47:06Z
it-unirc-triage-00219,it-unirc,https://www.unirc.it/,https://www.unirc.it/studiare/verso-il-lavoro-job-placement,Verso il lavoro: job placement,unknown,possible_competition_source,medium,yes,no,,job,,yes,2026-05-18T14:20:17Z,2026-08-22T12:47:06Z
it-unirc-triage-00220,it-unirc,https://www.unirc.it/,https://www.unirc.it/ricerca/la-ricerca-ateneo,La ricerca in Ateneo,unknown,unknown_requires_review,not_determinable,yes,no,,,,yes,2026-05-18T14:20:17Z,2026-08-22T12:47:06Z
it-unirc-triage-00221,it-unirc,https://www.unirc.it/,https://iris.unirc.it/,Prodotti della ricerca,unknown,likely_not_relevant,medium,no,yes,Negative navigation/legal/external-domain signal without competition signal.,,external_domain,no,2026-05-18T14:20:17Z,2026-08-22T12:47:06Z
it-unirc-triage-00222,it-unirc,https://www.unirc.it/,https://www.unirc.it/ricerca/la-ricerca-ateneo/fonti-di-finanziamento,Fonti di finanziamento,unknown,unknown_requires_review,not_determinable,yes,no,,,,yes,2026-05-18T14:20:17Z,2026-08-22T12:47:06Z
it-unirc-triage-00223,it-unirc,https://www.unirc.it/,https://www.unirc.it/ricerca/laboratori-strumentali,Laboratori strumentali,unknown,unknown_requires_review,not_determinable,yes,no,,,,yes,2026-05-18T14:20:17Z,2026-08-22T12:47:06Z
it-unirc-triage-00224,it-unirc,https://www.unirc.it/,https://www.unirc.it/ricerca/laboratori-non-strumentali-e-centri-studio,Laboratori non strumentali e Centri studio,unknown,unknown_requires_review,not_determinable,yes,no,,,,yes,2026-05-18T14:20:17Z,2026-08-22T12:47:06Z
it-unirc-triage-00225,it-unirc,https://www.unirc.it/,https://www.unirc.it/ricerca/ufficio-trasferimento-tecnologico,Ufficio Trasferimento Tecnologico,unknown,possible_competition_source,medium,yes,no,,tecnologi,,yes,2026-05-18T14:20:17Z,2026-08-22T12:47:06Z
it-unirc-triage-00226,it-unirc,https://www.unirc.it/,https://www.unirc.it/ricerca/brevetti,Brevetti,unknown,unknown_requires_review,not_determinable,yes,no,,,,yes,2026-05-18T14:20:17Z,2026-08-22T12:47:06Z
it-unirc-triage-00227,it-unirc,https://www.unirc.it/,https://www.unirc.it/ricerca/spin-e-start,Spin -off e start-up,unknown,unknown_requires_review,not_determinable,yes,no,,,,yes,2026-05-18T14:20:17Z,2026-08-22T12:47:06Z
it-unirc-triage-00228,it-unirc,https://www.unirc.it/,https://www.unirc.it/ricerca/qualita-della-ricerca,Qualità della Ricerca,unknown,unknown_requires_review,not_determinable,yes,no,,,,yes,2026-05-18T14:20:17Z,2026-08-22T12:47:06Z
it-unibocconi-triage-00229,it-unibocconi,https://www.unibocconi.it/it/docenti-e-ricerca/docenti/reclutamento-docenti/concorsi,https://www.unibocconi.it/it/docenti-e-ricerca/docenti/reclutamento-docenti/concorsi#main-content,Salta al contenuto principale,competition_listing,possible_competition_source,medium,yes,no,,concorsi;reclutamento,,yes,2026-05-18T14:20:17Z,2026-08-22T12:47:06Z
it-unibocconi-triage-00230,it-unibocconi,https://www.unibocconi.it/it/docenti-e-ricerca/docenti/reclutamento-docenti/concorsi,https://www.unibocconi.it/it,,unknown,unknown_requires_review,not_determinable,yes,no,,,,yes,2026-05-18T14:20:17Z,2026-08-22T12:47:06Z
it-unibocconi-triage-00231,it-unibocconi,https://www.unibocconi.it/it/docenti-e-ricerca/docenti/reclutamento-docenti/concorsi,https://www.unibocconi.it/en,EN,unknown,unknown_requires_review,not_determinable,yes,no,,,,yes,2026-05-18T14:20:17Z,2026-08-22T12:47:06Z
it-unibocconi-triage-00232,it-unibocconi,https://www.unibocconi.it/it/docenti-e-ricerca/docenti/reclutamento-docenti/concorsi,https://www.unibocconi.it/it/docenti-e-ricerca/docenti/reclutamento-docenti/concorsi,IT,competition_listing,possible_competition_source,medium,yes,no,,concorsi;reclutamento,,yes,2026-05-18T14:20:17Z,2026-08-22T12:47:06Z
it-unibocconi-triage-00233,it-unibocconi,https://www.unibocconi.it/it/docenti-e-ricerca/docenti/reclutamento-docenti/concorsi,https://www.unibocconi.it/it/entrare-bocconi,Entra in Bocconi,unknown,unknown_requires_review,not_determinable,yes,no,,,,yes,2026-05-18T14:20:17Z,2026-08-22T12:47:06Z
it-unibocconi-triage-00234,it-unibocconi,https://www.unibocconi.it/it/docenti-e-ricerca/docenti/reclutamento-docenti/concorsi,https://www.unibocconi.it/it/corsi-di-studio,Scopri i corsi,unknown,unknown_requires_review,not_determinable,yes,no,,,,yes,2026-05-18T14:20:17Z,2026-08-22T12:47:06Z
it-unibocconi-triage-00235,it-unibocconi,https://www.unibocconi.it/it/docenti-e-ricerca/docenti/reclutamento-docenti/concorsi,https://www.unibocconi.it/it/hub-news-ed-eventi,Accedi a News ed Eventi,unknown,generic_institutional_page,low,no,yes,Generic institutional or service-page signal without competition signal.,,eventi;news,yes,2026-05-18T14:20:17Z,2026-08-22T12:47:06Z
it-unibocconi-triage-00236,it-unibocconi,https://www.unibocconi.it/it/docenti-e-ricerca/docenti/reclutamento-docenti/concorsi,https://giving.unibocconi.it/,Sostieni la Bocconi,unknown,likely_not_relevant,medium,no,yes,Negative navigation/legal/external-domain signal without competition signal.,,external_domain,no,2026-05-18T14:20:17Z,2026-08-22T12:47:06Z
it-unibocconi-triage-00237,it-unibocconi,https://www.unibocconi.it/it/docenti-e-ricerca/docenti/reclutamento-docenti/concorsi,https://www.unibocconi.it/it/chi-siamo,Panoramica,unknown,unknown_requires_review,not_determinable,yes,no,,,,yes,2026-05-18T14:20:17Z,2026-08-22T12:47:06Z
it-unibocconi-triage-00238,it-unibocconi,https://www.unibocconi.it/it/docenti-e-ricerca/docenti/reclutamento-docenti/concorsi,https://www.unibocconi.it/it/chi-siamo/organizzazione,Organizzazione,unknown,unknown_requires_review,not_determinable,yes,no,,,,yes,2026-05-18T14:20:17Z,2026-08-22T12:47:06Z
it-unibocconi-triage-00239,it-unibocconi,https://www.unibocconi.it/it/docenti-e-ricerca/docenti/reclutamento-docenti/concorsi,https://www.unibocconi.it/it/chi-siamo/assicurazione-qualita,Assicurazione Qualità,unknown,unknown_requires_review,not_determinable,yes,no,,,,yes,2026-05-18T14:20:17Z,2026-08-22T12:47:06Z
it-unibocconi-triage-00240,it-unibocconi,https://www.unibocconi.it/it/docenti-e-ricerca/docenti/reclutamento-docenti/concorsi,https://www.unibocconi.it/it/chi-siamo/terza-missione,Terza missione,unknown,unknown_requires_review,not_determinable,yes,no,,,,yes,2026-05-18T14:20:17Z,2026-08-22T12:47:06Z
it-unibocconi-triage-00241,it-unibocconi,https://www.unibocconi.it/it/docenti-e-ricerca/docenti/reclutamento-docenti/concorsi,https://www.unibocconi.it/it/chi-siamo/ranking-bocconi-nel-mondo,Ranking,unknown,unknown_requires_review,not_determinable,yes,no,,,,yes,2026-05-18T14:20:17Z,2026-08-22T12:47:06Z
it-unibocconi-triage-00242,it-unibocconi,https://www.unibocconi.it/it/docenti-e-ricerca/docenti/reclutamento-docenti/concorsi,https://www.unibocconi.it/it/chi-siamo/network-internazionali,Network internazionali,unknown,unknown_requires_review,not_determinable,yes,no,,,,yes,2026-05-18T14:20:17Z,2026-08-22T12:47:06Z
it-unibocconi-triage-00243,it-unibocconi,https://www.unibocconi.it/it/docenti-e-ricerca/docenti/reclutamento-docenti/concorsi,https://www.unibocconi.it/it/chi-siamo/diversita-equita-e-inclusione,"Diversità, equità e inclusione",unknown,unknown_requires_review,not_determinable,yes,no,,,,yes,2026-05-18T14:20:17Z,2026-08-22T12:47:06Z
it-unibocconi-triage-00244,it-unibocconi,https://www.unibocconi.it/it/docenti-e-ricerca/docenti/reclutamento-docenti/concorsi,https://www.unibocconi.it/it/chi-siamo/sostenibilita,Sostenibilità,unknown,unknown_requires_review,not_determinable,yes,no,,,,yes,2026-05-18T14:20:17Z,2026-08-22T12:47:06Z
it-unibocconi-triage-00245,it-unibocconi,https://www.unibocconi.it/it/docenti-e-ricerca/docenti/reclutamento-docenti/concorsi,https://www.unibocconi.it/it/chi-siamo/community,Community,unknown,unknown_requires_review,not_determinable,yes,no,,,,yes,2026-05-18T14:20:17Z,2026-08-22T12:47:06Z
it-unibocconi-triage-00246,it-unibocconi,https://www.unibocconi.it/it/docenti-e-ricerca/docenti/reclutamento-docenti/concorsi,https://www.unibocconi.it/it/corsi-di-studio/lauree-triennali,Lauree triennali,unknown,unknown_requires_review,not_determinable,yes,no,,,,yes,2026-05-18T14:20:17Z,2026-08-22T12:47:06Z
it-unibocconi-triage-00247,it-unibocconi,https://www.unibocconi.it/it/docenti-e-ricerca/docenti/reclutamento-docenti/concorsi,https://www.unibocconi.it/it/corsi-di-studio/lauree-magistrali,Lauree magistrali,unknown,unknown_requires_review,not_determinable,yes,no,,,,yes,2026-05-18T14:20:17Z,2026-08-22T12:47:06Z
it-unibocconi-triage-00248,it-unibocconi,https://www.unibocconi.it/it/docenti-e-ricerca/docenti/reclutamento-docenti/concorsi,https://www.unibocconi.it/it/corsi-di-studio/giurisprudenza,Giurisprudenza,unknown,unknown_requires_review,not_determinable,yes,no,,,,yes,2026-05-18T14:20:17Z,2026-08-22T12:47:06Z
it-unibocconi-triage-00249,it-unibocconi,https://www.unibocconi.it/it/docenti-e-ricerca/docenti/reclutamento-docenti/concorsi,https://www.unibocconi.it/it/corsi-di-studio/master-universitari,Master Universitari,unknown,unknown_requires_review,not_determinable,yes,no,,,,yes,2026-05-18T14:20:17Z,2026-08-22T12:47:06Z
it-unibocconi-triage-00250,it-unibocconi,https://www.unibocconi.it/it/docenti-e-ricerca/docenti/reclutamento-docenti/concorsi,https://www.unibocconi.it/it/chi-siamo/organizzazione/scuole/dottorati,Dottorati,unknown,unknown_requires_review,not_determinable,yes,no,,,,yes,2026-05-18T14:20:17Z,2026-08-22T12:47:06Z
it-unibocconi-triage-00251,it-unibocconi,https://www.unibocconi.it/it/docenti-e-ricerca/docenti/reclutamento-docenti/concorsi,https://www.unibocconi.it/it/corsi-di-studio/summer-school,Summer School,unknown,unknown_requires_review,not_determinable,yes,no,,,,yes,2026-05-18T14:20:17Z,2026-08-22T12:47:06Z
it-unibocconi-triage-00252,it-unibocconi,https://www.unibocconi.it/it/docenti-e-ricerca/docenti/reclutamento-docenti/concorsi,https://www.unibocconi.it/it/corsi-di-studio/sda-bocconi-school-management,SDA Bocconi,unknown,unknown_requires_review,not_determinable,yes,no,,,,yes,2026-05-18T14:20:17Z,2026-08-22T12:47:06Z
it-unibocconi-triage-00253,it-unibocconi,https://www.unibocconi.it/it/docenti-e-ricerca/docenti/reclutamento-docenti/concorsi,https://www.unibocconi.it/it/docenti-e-ricerca/docenti,Docenti,unknown,unknown_requires_review,not_determinable,yes,no,,,,yes,2026-05-18T14:20:17Z,2026-08-22T12:47:06Z
it-unibocconi-triage-00254,it-unibocconi,https://www.unibocconi.it/it/docenti-e-ricerca/docenti/reclutamento-docenti/concorsi,https://www.unibocconi.it/it/docenti-e-ricerca/dipartimenti,Dipartimenti,unknown,unknown_requires_review,not_determinable,yes,no,,,,yes,2026-05-18T14:20:17Z,2026-08-22T12:47:06Z
it-unibocconi-triage-00255,it-unibocconi,https://www.unibocconi.it/it/docenti-e-ricerca/docenti/reclutamento-docenti/concorsi,https://www.unibocconi.it/it/docenti-e-ricerca/ricerca,Ricerca,unknown,unknown_requires_review,not_determinable,yes,no,,,,yes,2026-05-18T14:20:17Z,2026-08-22T12:47:06Z
it-unibocconi-triage-00256,it-unibocconi,https://www.unibocconi.it/it/docenti-e-ricerca/docenti/reclutamento-docenti/concorsi,https://www.unibocconi.it/it/campus,Panoramica,unknown,generic_institutional_page,low,no,yes,Generic institutional or service-page signal without competition signal.,,campus,yes,2026-05-18T14:20:17Z,2026-08-22T12:47:06Z
it-unibocconi-triage-00257,it-unibocconi,https://www.unibocconi.it/it/docenti-e-ricerca/docenti/reclutamento-docenti/concorsi,https://www.campusvr.unibocconi.it/,Tour virtuale CampusVR,unknown,likely_not_relevant,medium,no,yes,Negative navigation/legal/external-domain signal without competition signal.,,campus;external_domain,no,2026-05-18T14:20:17Z,2026-08-22T12:47:06Z
it-unibocconi-triage-00258,it-unibocconi,https://www.unibocconi.it/it/docenti-e-ricerca/docenti/reclutamento-docenti/concorsi,https://www.unibocconi.it/it/campus/edifici-e-aule,Edifici e aule,unknown,generic_institutional_page,low,no,yes,Generic institutional or service-page signal without competition signal.,,campus,yes,2026-05-18T14:20:17Z,2026-08-22T12:47:06Z
it-unibocconi-triage-00259,it-unibocconi,https://www.unibocconi.it/it/docenti-e-ricerca/docenti/reclutamento-docenti/concorsi,https://www.unibocconi.it/it/campus/sicurezza-nel-campus,Sicurezza nel Campus,unknown,generic_institutional_page,low,no,yes,Generic institutional or service-page signal without competition signal.,,campus,yes,2026-05-18T14:20:17Z,2026-08-22T12:47:06Z
it-unibocconi-triage-00260,it-unibocconi,https://www.unibocconi.it/it/docenti-e-ricerca/docenti/reclutamento-docenti/concorsi,https://www.unibocconi.it/it/campus/sicurezza-delle-informazioni,Sicurezza delle informazioni,unknown,generic_institutional_page,low,no,yes,Generic institutional or service-page signal without competition signal.,,campus,yes,2026-05-18T14:20:17Z,2026-08-22T12:47:06Z
it-unibocconi-triage-00261,it-unibocconi,https://www.unibocconi.it/it/docenti-e-ricerca/docenti/reclutamento-docenti/concorsi,https://www.unibocconi.it/it/studenti-iscritti/biblioteca-archivi,Biblioteca & Archivi,unknown,generic_institutional_page,low,no,yes,Generic institutional or service-page signal without competition signal.,,biblioteca;studenti,yes,2026-05-18T14:20:17Z,2026-08-22T12:47:06Z
it-unibocconi-triage-00262,it-unibocconi,https://www.unibocconi.it/it/docenti-e-ricerca/docenti/reclutamento-docenti/concorsi,https://www.bocconisport.it/,Bocconi Sport,unknown,likely_not_relevant,medium,no,yes,Negative navigation/legal/external-domain signal without competition signal.,,external_domain,no,2026-05-18T14:20:17Z,2026-08-22T12:47:06Z
it-unibocconi-triage-00263,it-unibocconi,https://www.unibocconi.it/it/docenti-e-ricerca/docenti/reclutamento-docenti/concorsi,https://www.unibocconi.it/it/campus/gallerie-fotografiche,Gallerie fotografiche,unknown,generic_institutional_page,low,no,yes,Generic institutional or service-page signal without competition signal.,,campus,yes,2026-05-18T14:20:17Z,2026-08-22T12:47:06Z
it-unibocconi-triage-00264,it-unibocconi,https://www.unibocconi.it/it/docenti-e-ricerca/docenti/reclutamento-docenti/concorsi,https://www.unibocconi.it/it/entrare-bocconi/corsi-di-laurea-triennale-e-giurisprudenza,Corsi di laurea triennale e Giurisprudenza,unknown,unknown_requires_review,not_determinable,yes,no,,,,yes,2026-05-18T14:20:17Z,2026-08-22T12:47:06Z
it-unibocconi-triage-00265,it-unibocconi,https://www.unibocconi.it/it/docenti-e-ricerca/docenti/reclutamento-docenti/concorsi,https://www.unibocconi.it/it/entrare-bocconi/corsi-di-laurea-magistrale,Corsi di laurea magistrale,unknown,unknown_requires_review,not_determinable,yes,no,,,,yes,2026-05-18T14:20:17Z,2026-08-22T12:47:06Z
it-unibocconi-triage-00266,it-unibocconi,https://www.unibocconi.it/it/docenti-e-ricerca/docenti/reclutamento-docenti/concorsi,https://www.unibocconi.it/it/entrare-bocconi/master-universitari,Master universitari,unknown,unknown_requires_review,not_determinable,yes,no,,,,yes,2026-05-18T14:20:17Z,2026-08-22T12:47:06Z
it-unibocconi-triage-00267,it-unibocconi,https://www.unibocconi.it/it/docenti-e-ricerca/docenti/reclutamento-docenti/concorsi,https://www.unibocconi.it/it/entrare-bocconi/dottorati,Dottorati,unknown,unknown_requires_review,not_determinable,yes,no,,,,yes,2026-05-18T14:20:17Z,2026-08-22T12:47:06Z
it-unibocconi-triage-00268,it-unibocconi,https://www.unibocconi.it/it/docenti-e-ricerca/docenti/reclutamento-docenti/concorsi,https://www.unibocconi.it/it/entrare-bocconi/summer-school,Summer School,unknown,unknown_requires_review,not_determinable,yes,no,,,,yes,2026-05-18T14:20:17Z,2026-08-22T12:47:06Z
it-unibocconi-triage-00269,it-unibocconi,https://www.unibocconi.it/it/docenti-e-ricerca/docenti/reclutamento-docenti/concorsi,https://www.unibocconi.it/it/docenti-e-ricerca/docenti/reclutamento-docenti/concorsi#main-content,Salta al contenuto principale,competition_listing,possible_competition_source,medium,yes,no,,concorsi;reclutamento,,yes,2026-05-18T14:20:17Z,2026-08-22T12:47:06Z
it-unibocconi-triage-00270,it-unibocconi,https://www.unibocconi.it/it/docenti-e-ricerca/docenti/reclutamento-docenti/concorsi,https://www.unibocconi.it/it/docenti-e-ricerca/docenti/reclutamento-docenti/concorsi,IT,competition_listing,possible_competition_source,medium,yes,no,,concorsi;reclutamento,,yes,2026-05-18T14:20:17Z,2026-08-22T12:47:06Z
it-unibocconi-triage-00271,it-unibocconi,https://www.unibocconi.it/it/docenti-e-ricerca/docenti/reclutamento-docenti/concorsi,https://www.unibocconi.it/it/docenti-e-ricerca/docenti/professori-emeriti,Panoramica,unknown,possible_competition_source,medium,yes,no,,professori,,yes,2026-05-18T14:20:17Z,2026-08-22T12:47:06Z
it-unibocconi-triage-00272,it-unibocconi,https://www.unibocconi.it/it/docenti-e-ricerca/docenti/reclutamento-docenti/concorsi,https://www.unibocconi.it/it/docenti-e-ricerca/docenti/professori-emeriti/gualtiero-brugger,Gualtiero Brugger,unknown,possible_competition_source,medium,yes,no,,professori,,yes,2026-05-18T14:20:17Z,2026-08-22T12:47:06Z
it-unibocconi-triage-00273,it-unibocconi,https://www.unibocconi.it/it/docenti-e-ricerca/docenti/reclutamento-docenti/concorsi,https://www.unibocconi.it/it/docenti-e-ricerca/docenti/professori-emeriti/pier-luigi-fabrizi,Pier Luigi Fabrizi,unknown,possible_competition_source,medium,yes,no,,professori,,yes,2026-05-18T14:20:17Z,2026-08-22T12:47:06Z
it-unibocconi-triage-00274,it-unibocconi,https://www.unibocconi.it/it/docenti-e-ricerca/docenti/reclutamento-docenti/concorsi,https://www.unibocconi.it/it/docenti-e-ricerca/docenti/professori-emeriti/aldo-montesano,Aldo Montesano,unknown,possible_competition_source,medium,yes,no,,professori,,yes,2026-05-18T14:20:17Z,2026-08-22T12:47:06Z
it-unibocconi-triage-00275,it-unibocconi,https://www.unibocconi.it/it/docenti-e-ricerca/docenti/reclutamento-docenti/concorsi,https://www.unibocconi.it/it/docenti-e-ricerca/docenti/professori-emeriti/fabrizio-onida,Fabrizio Onida,unknown,possible_competition_source,medium,yes,no,,professori,,yes,2026-05-18T14:20:17Z,2026-08-22T12:47:06Z
it-unibocconi-triage-00276,it-unibocconi,https://www.unibocconi.it/it/docenti-e-ricerca/docenti/reclutamento-docenti/concorsi,https://www.unibocconi.it/it/docenti-e-ricerca/docenti/professori-emeriti/giorgio-sacerdoti,Giorgio Sacerdoti,unknown,possible_competition_source,medium,yes,no,,professori,,yes,2026-05-18T14:20:17Z,2026-08-22T12:47:06Z
it-unibocconi-triage-00277,it-unibocconi,https://www.unibocconi.it/it/docenti-e-ricerca/docenti/reclutamento-docenti/concorsi,https://www.unibocconi.it/it/docenti-e-ricerca/docenti/reclutamento-docenti,Panoramica,competition_listing,possible_competition_source,medium,yes,no,,reclutamento,,yes,2026-05-18T14:20:17Z,2026-08-22T12:47:06Z
it-unibocconi-triage-00278,it-unibocconi,https://www.unibocconi.it/it/docenti-e-ricerca/docenti/reclutamento-docenti/concorsi,https://www.unibocconi.it/it/docenti-e-ricerca/docenti/reclutamento-docenti/asn-2021-2023,Abilitazione Scientifica Nazionale,competition_listing,possible_competition_source,medium,yes,no,,reclutamento,,yes,2026-05-18T14:20:17Z,2026-08-22T12:47:06Z
it-unibocconi-triage-00279,it-unibocconi,https://www.unibocconi.it/it/docenti-e-ricerca/docenti/reclutamento-docenti/concorsi,https://www.unibocconi.it/it/docenti-e-ricerca/docenti/reclutamento-docenti/programma-visiting-professor,Programma Visiting Professor,competition_listing,possible_competition_source,medium,yes,no,,reclutamento,,yes,2026-05-18T14:20:17Z,2026-08-22T12:47:06Z
it-unibocconi-triage-00280,it-unibocconi,https://www.unibocconi.it/it/docenti-e-ricerca/docenti/reclutamento-docenti/concorsi,https://www.unibocconi.it/it/docenti-e-ricerca/ricerca/concorsi/concorsi,Archivio Concorsi,competition_listing,possible_competition_source,medium,yes,no,,concorsi,,yes,2026-05-18T14:20:17Z,2026-08-22T12:47:06Z
it-unibocconi-triage-00281,it-unibocconi,https://www.unibocconi.it/it/docenti-e-ricerca/docenti/reclutamento-docenti/concorsi,https://www.unibocconi.it/it/docenti-e-ricerca/docenti/reclutamento-docenti/personale-docente-valutazioni-comparative,Reclutamento Personale Docente di Ruolo Bocconi - L.240/2010,competition_listing,possible_competition_source,medium,yes,no,,reclutamento;valutazioni,,yes,2026-05-18T14:20:17Z,2026-08-22T12:47:06Z
it-unibocconi-triage-00282,it-unibocconi,https://www.unibocconi.it/it/docenti-e-ricerca/docenti/reclutamento-docenti/concorsi,https://www.unibocconi.it/en/faculty-and-research/faculty/faculty-recruiting,Reclutamento Assistant Professors - L.240/2010,competition_listing,possible_competition_source,medium,yes,no,,reclutamento,,yes,2026-05-18T14:20:17Z,2026-08-22T12:47:06Z
it-unibocconi-triage-00283,it-unibocconi,https://www.unibocconi.it/it/docenti-e-ricerca/docenti/reclutamento-docenti/concorsi,https://www.unibocconi.it/it/docenti-e-ricerca/docenti/reclutamento-docenti/lecturers,Reclutamento Lecturers - L.240/2010,competition_listing,possible_competition_source,medium,yes,no,,reclutamento,,yes,2026-05-18T14:20:17Z,2026-08-22T12:47:06Z
it-unibocconi-triage-00284,it-unibocconi,https://www.unibocconi.it/it/docenti-e-ricerca/docenti/reclutamento-docenti/concorsi,https://www.unibocconi.it/it/docenti-e-ricerca/docenti/reclutamento-docenti/valutazioni-comparative-tornate-precedenti,Reclutamento Personale Docente di Ruolo Bocconi,competition_listing,possible_competition_source,medium,yes,no,,reclutamento;valutazioni,,yes,2026-05-18T14:20:17Z,2026-08-22T12:47:06Z
it-unibocconi-triage-00285,it-unibocconi,https://www.unibocconi.it/it/docenti-e-ricerca/docenti/reclutamento-docenti/concorsi,https://www.unibocconi.it/it/docenti-e-ricerca/docenti/reclutamento-docenti/personale-docente-non-di-ruolo-normativa-pre-vigente,Reclutamento Personale Docente Non di Ruolo Bocconi,competition_listing,possible_competition_source,medium,yes,no,,reclutamento,,yes,2026-05-18T14:20:17Z,2026-08-22T12:47:06Z
it-unibocconi-triage-00286,it-unibocconi,https://www.unibocconi.it/it/docenti-e-ricerca/docenti/reclutamento-docenti/concorsi,https://www.unibocconi.it/it/docenti-e-ricerca/docenti/professori-emeriti,Panoramica,unknown,possible_competition_source,medium,yes,no,,professori,,yes,2026-05-18T14:20:17Z,2026-08-22T12:47:06Z
it-unibocconi-triage-00287,it-unibocconi,https://www.unibocconi.it/it/docenti-e-ricerca/docenti/reclutamento-docenti/concorsi,https://www.unibocconi.it/it/docenti-e-ricerca/docenti/professori-emeriti/gualtiero-brugger,Gualtiero Brugger,unknown,possible_competition_source,medium,yes,no,,professori,,yes,2026-05-18T14:20:17Z,2026-08-22T12:47:06Z
it-unibocconi-triage-00288,it-unibocconi,https://www.unibocconi.it/it/docenti-e-ricerca/docenti/reclutamento-docenti/concorsi,https://www.unibocconi.it/it/docenti-e-ricerca/docenti/professori-emeriti/pier-luigi-fabrizi,Pier Luigi Fabrizi,unknown,possible_competition_source,medium,yes,no,,professori,,yes,2026-05-18T14:20:17Z,2026-08-22T12:47:06Z
it-unibocconi-triage-00289,it-unibocconi,https://www.unibocconi.it/it/docenti-e-ricerca/docenti/reclutamento-docenti/concorsi,https://www.unibocconi.it/it/docenti-e-ricerca/docenti/professori-emeriti/aldo-montesano,Aldo Montesano,unknown,possible_competition_source,medium,yes,no,,professori,,yes,2026-05-18T14:20:17Z,2026-08-22T12:47:06Z
it-unibocconi-triage-00290,it-unibocconi,https://www.unibocconi.it/it/docenti-e-ricerca/docenti/reclutamento-docenti/concorsi,https://www.unibocconi.it/it/docenti-e-ricerca/docenti/professori-emeriti/fabrizio-onida,Fabrizio Onida,unknown,possible_competition_source,medium,yes,no,,professori,,yes,2026-05-18T14:20:17Z,2026-08-22T12:47:06Z
it-unibocconi-triage-00291,it-unibocconi,https://www.unibocconi.it/it/docenti-e-ricerca/docenti/reclutamento-docenti/concorsi,https://www.unibocconi.it/it/docenti-e-ricerca/docenti/professori-emeriti/giorgio-sacerdoti,Giorgio Sacerdoti,unknown,possible_competition_source,medium,yes,no,,professori,,yes,2026-05-18T14:20:17Z,2026-08-22T12:47:06Z
it-unibocconi-triage-00292,it-unibocconi,https://www.unibocconi.it/it/docenti-e-ricerca/docenti/reclutamento-docenti/concorsi,https://www.unibocconi.it/it/docenti-e-ricerca/docenti/reclutamento-docenti,Panoramica,competition_listing,possible_competition_source,medium,yes,no,,reclutamento,,yes,2026-05-18T14:20:17Z,2026-08-22T12:47:06Z
it-unibocconi-triage-00293,it-unibocconi,https://www.unibocconi.it/it/docenti-e-ricerca/docenti/reclutamento-docenti/concorsi,https://www.unibocconi.it/it/docenti-e-ricerca/docenti/reclutamento-docenti/asn-2021-2023,Abilitazione Scientifica Nazionale,competition_listing,possible_competition_source,medium,yes,no,,reclutamento,,yes,2026-05-18T14:20:17Z,2026-08-22T12:47:06Z
it-unibocconi-triage-00294,it-unibocconi,https://www.unibocconi.it/it/docenti-e-ricerca/docenti/reclutamento-docenti/concorsi,https://www.unibocconi.it/it/docenti-e-ricerca/docenti/reclutamento-docenti/programma-visiting-professor,Programma Visiting Professor,competition_listing,possible_competition_source,medium,yes,no,,reclutamento,,yes,2026-05-18T14:20:17Z,2026-08-22T12:47:06Z
it-unibocconi-triage-00295,it-unibocconi,https://www.unibocconi.it/it/docenti-e-ricerca/docenti/reclutamento-docenti/concorsi,https://www.unibocconi.it/it/docenti-e-ricerca/ricerca/concorsi/concorsi,Archivio Concorsi,competition_listing,possible_competition_source,medium,yes,no,,concorsi,,yes,2026-05-18T14:20:17Z,2026-08-22T12:47:06Z
it-unibocconi-triage-00296,it-unibocconi,https://www.unibocconi.it/it/docenti-e-ricerca/docenti/reclutamento-docenti/concorsi,https://www.unibocconi.it/it/docenti-e-ricerca/docenti/reclutamento-docenti/personale-docente-valutazioni-comparative,Reclutamento Personale Docente di Ruolo Bocconi - L.240/2010,competition_listing,possible_competition_source,medium,yes,no,,reclutamento;valutazioni,,yes,2026-05-18T14:20:17Z,2026-08-22T12:47:06Z
it-unibocconi-triage-00297,it-unibocconi,https://www.unibocconi.it/it/docenti-e-ricerca/docenti/reclutamento-docenti/concorsi,https://www.unibocconi.it/en/faculty-and-research/faculty/faculty-recruiting,Reclutamento Assistant Professors - L.240/2010,competition_listing,possible_competition_source,medium,yes,no,,reclutamento,,yes,2026-05-18T14:20:17Z,2026-08-22T12:47:06Z
it-unibocconi-triage-00298,it-unibocconi,https://www.unibocconi.it/it/docenti-e-ricerca/docenti/reclutamento-docenti/concorsi,https://www.unibocconi.it/it/docenti-e-ricerca/docenti/reclutamento-docenti/lecturers,Reclutamento Lecturers - L.240/2010,competition_listing,possible_competition_source,medium,yes,no,,reclutamento,,yes,2026-05-18T14:20:17Z,2026-08-22T12:47:06Z
it-unibocconi-triage-00299,it-unibocconi,https://www.unibocconi.it/it/docenti-e-ricerca/docenti/reclutamento-docenti/concorsi,https://www.unibocconi.it/it/docenti-e-ricerca/docenti/reclutamento-docenti/valutazioni-comparative-tornate-precedenti,Reclutamento Personale Docente di Ruolo Bocconi,competition_listing,possible_competition_source,medium,yes,no,,reclutamento;valutazioni,,yes,2026-05-18T14:20:17Z,2026-08-22T12:47:06Z
it-unibocconi-triage-00300,it-unibocconi,https://www.unibocconi.it/it/docenti-e-ricerca/docenti/reclutamento-docenti/concorsi,https://www.unibocconi.it/it/docenti-e-ricerca/docenti/reclutamento-docenti/personale-docente-non-di-ruolo-normativa-pre-vigente,Reclutamento Personale Docente Non di Ruolo Bocconi,competition_listing,possible_competition_source,medium,yes,no,,reclutamento,,yes,2026-05-18T14:20:17Z,2026-08-22T12:47:06Z
it-luiss-triage-00301,it-luiss,https://www.luiss.it/,https://www.luiss.it/#main-content,Skip to main content,unknown,unknown_requires_review,not_determinable,yes,no,,,,yes,2026-06-23T11:14:20Z,2026-08-22T12:47:06Z
it-luiss-triage-00302,it-luiss,https://www.luiss.it/,https://www.luiss.it/it,Home,unknown,unknown_requires_review,not_determinable,yes,no,,,,yes,2026-06-23T11:14:20Z,2026-08-22T12:47:06Z
it-luiss-triage-00303,it-luiss,https://www.luiss.it/,https://www.luiss.it/en,English,unknown,unknown_requires_review,not_determinable,yes,no,,,,yes,2026-06-23T11:14:20Z,2026-08-22T12:47:06Z
it-luiss-triage-00304,it-luiss,https://www.luiss.it/,https://www.luiss.it/#menu-level-item-12c2aacd-7840-403a-8c7a-e9b202ce30a9,Ateneo,unknown,unknown_requires_review,not_determinable,yes,no,,,,yes,2026-06-23T11:14:20Z,2026-08-22T12:47:06Z
it-luiss-triage-00305,it-luiss,https://www.luiss.it/,https://www.luiss.it/it/ateneo,Perché scegliere Luiss Overview,unknown,unknown_requires_review,not_determinable,yes,no,,,,yes,2026-06-23T11:14:20Z,2026-08-22T12:47:06Z
it-luiss-triage-00306,it-luiss,https://www.luiss.it/,https://www.luiss.it/#menu-level-item-f62d6381-15b3-4e41-b9d3-13f2d06193d6,Chi siamo,unknown,unknown_requires_review,not_determinable,yes,no,,,,yes,2026-06-23T11:14:20Z,2026-08-22T12:47:06Z
it-luiss-triage-00307,it-luiss,https://www.luiss.it/,https://www.luiss.it/it/ateneo/chi-siamo,Chi siamo Overview,unknown,unknown_requires_review,not_determinable,yes,no,,,,yes,2026-06-23T11:14:20Z,2026-08-22T12:47:06Z
it-luiss-triage-00308,it-luiss,https://www.luiss.it/,https://www.luiss.it/it/ateneo/chi-siamo/mission-e-vision,Mission e Vision,unknown,unknown_requires_review,not_determinable,yes,no,,,,yes,2026-06-23T11:14:20Z,2026-08-22T12:47:06Z
it-luiss-triage-00309,it-luiss,https://www.luiss.it/,https://www.luiss.it/it/ateneo/chi-siamo/ranking-e-numeri,Ranking e Numeri,unknown,unknown_requires_review,not_determinable,yes,no,,,,yes,2026-06-23T11:14:20Z,2026-08-22T12:47:06Z
it-luiss-triage-00310,it-luiss,https://www.luiss.it/,https://www.luiss.it/it/ateneo/chi-siamo/storia,Storia,unknown,unknown_requires_review,not_determinable,yes,no,,,,yes,2026-06-23T11:14:20Z,2026-08-22T12:47:06Z
it-luiss-triage-00311,it-luiss,https://www.luiss.it/,https://www.luiss.it/it/ateneo/chi-siamo/ufficio-studi,Ufficio Studi,unknown,unknown_requires_review,not_determinable,yes,no,,,,yes,2026-06-23T11:14:20Z,2026-08-22T12:47:06Z
it-luiss-triage-00312,it-luiss,https://www.luiss.it/,https://www.luiss.it/it/ateneo/chi-siamo/quality-assurance,Quality Assurance,unknown,unknown_requires_review,not_determinable,yes,no,,,,yes,2026-06-23T11:14:20Z,2026-08-22T12:47:06Z
it-luiss-triage-00313,it-luiss,https://www.luiss.it/,https://www.luiss.it/it/ateneo/chi-siamo/statuto-e-regolamenti,Statuto e Regolamenti,unknown,unknown_requires_review,not_determinable,yes,no,,,,yes,2026-06-23T11:14:20Z,2026-08-22T12:47:06Z
it-luiss-triage-00314,it-luiss,https://www.luiss.it/,https://www.luiss.it/#menu-level-item-df9edd1b-d1e6-41c9-bdac-1aedccd4fc76,Governance,unknown,unknown_requires_review,not_determinable,yes,no,,,,yes,2026-06-23T11:14:20Z,2026-08-22T12:47:06Z
it-luiss-triage-00315,it-luiss,https://www.luiss.it/,https://www.luiss.it/it/ateneo/governance/vertici-di-ateneo,Vertici di Ateneo,unknown,unknown_requires_review,not_determinable,yes,no,,,,yes,2026-06-23T11:14:20Z,2026-08-22T12:47:06Z
it-luiss-triage-00316,it-luiss,https://www.luiss.it/,https://www.luiss.it/it/ateneo/governance/faculty,Faculty,unknown,unknown_requires_review,not_determinable,yes,no,,,,yes,2026-06-23T11:14:20Z,2026-08-22T12:47:06Z
it-luiss-triage-00317,it-luiss,https://www.luiss.it/,https://www.luiss.it/#menu-level-item-3f300ea1-9f8f-4479-8a66-87a8dc457774,Schools,unknown,unknown_requires_review,not_determinable,yes,no,,,,yes,2026-06-23T11:14:20Z,2026-08-22T12:47:06Z
it-luiss-triage-00318,it-luiss,https://www.luiss.it/,https://www.luiss.it/it/ateneo/schools/undergraduate-school,Undergraduate School,unknown,unknown_requires_review,not_determinable,yes,no,,,,yes,2026-06-23T11:14:20Z,2026-08-22T12:47:06Z
it-luiss-triage-00319,it-luiss,https://www.luiss.it/,https://www.luiss.it/it/ateneo/schools/graduate-school,Graduate School,unknown,unknown_requires_review,not_determinable,yes,no,,,,yes,2026-06-23T11:14:20Z,2026-08-22T12:47:06Z
it-luiss-triage-00320,it-luiss,https://www.luiss.it/,https://www.luiss.it/it/ateneo/schools/postgraduate-school,Postgraduate School,unknown,unknown_requires_review,not_determinable,yes,no,,,,yes,2026-06-23T11:14:20Z,2026-08-22T12:47:06Z
it-luiss-triage-00321,it-luiss,https://www.luiss.it/,https://www.luiss.it/it/ateneo/dipartimenti,Dipartimenti,unknown,unknown_requires_review,not_determinable,yes,no,,,,yes,2026-06-23T11:14:20Z,2026-08-22T12:47:06Z
it-luiss-triage-00322,it-luiss,https://www.luiss.it/,https://www.luiss.it/#menu-level-item-09d0caa0-6495-475d-98bd-b95b46d07004,Terza Missione,unknown,unknown_requires_review,not_determinable,yes,no,,,,yes,2026-06-23T11:14:20Z,2026-08-22T12:47:06Z
it-luiss-triage-00323,it-luiss,https://www.luiss.it/,https://www.luiss.it/it/ateneo/terza-missione,Terza Missione Overview,unknown,unknown_requires_review,not_determinable,yes,no,,,,yes,2026-06-23T11:14:20Z,2026-08-22T12:47:06Z
it-luiss-triage-00324,it-luiss,https://www.luiss.it/,https://www.luiss.it/it/ateneo/terza-missione/produzione-di-beni-pubblici,Produzione di Beni Pubblici,unknown,unknown_requires_review,not_determinable,yes,no,,,,yes,2026-06-23T11:14:20Z,2026-08-22T12:47:06Z
it-luiss-triage-00325,it-luiss,https://www.luiss.it/,https://www.luiss.it/it/ateneo/terza-missione/valorizzazione-della-ricerca,Valorizzazione della Ricerca,unknown,unknown_requires_review,not_determinable,yes,no,,,,yes,2026-06-23T11:14:20Z,2026-08-22T12:47:06Z
it-luiss-triage-00326,it-luiss,https://www.luiss.it/,https://www.luiss.it/#menu-level-item-f54c61c5-dfbf-47e6-b8da-af4ad0dff2a2,Luiss Life,unknown,unknown_requires_review,not_determinable,yes,no,,,,yes,2026-06-23T11:14:20Z,2026-08-22T12:47:06Z
it-luiss-triage-00327,it-luiss,https://www.luiss.it/,https://www.luiss.it/it/ateneo/luiss-life/studentesse-e-studenti-iscritti,Studentesse e Studenti Iscritti,unknown,generic_institutional_page,low,no,yes,Generic institutional or service-page signal without competition signal.,,studenti,yes,2026-06-23T11:14:20Z,2026-08-22T12:47:06Z
it-luiss-triage-00328,it-luiss,https://www.luiss.it/,https://www.luiss.it/it/ateneo/luiss-life/calendario-accademico,Calendario Accademico,unknown,generic_institutional_page,low,no,yes,Generic institutional or service-page signal without competition signal.,,calendario,yes,2026-06-23T11:14:20Z,2026-08-22T12:47:06Z
it-luiss-triage-00329,it-luiss,https://www.luiss.it/,https://www.luiss.it/it/ateneo/luiss-life/segreteria-studenti,Segreteria Studenti,unknown,generic_institutional_page,low,no,yes,Generic institutional or service-page signal without competition signal.,,studenti,yes,2026-06-23T11:14:20Z,2026-08-22T12:47:06Z
it-luiss-triage-00330,it-luiss,https://www.luiss.it/,https://www.luiss.it/it/ateneo/luiss-life/servizi-e-opportunita,Servizi e Opportunità,unknown,possible_competition_source,medium,yes,no,,opportunita;opportunità,,yes,2026-06-23T11:14:20Z,2026-08-22T12:47:06Z
it-luiss-triage-00331,it-luiss,https://www.luiss.it/,https://www.luiss.it/it/ateneo/luiss-life/vocazione-internazionale,Vocazione Internazionale,unknown,unknown_requires_review,not_determinable,yes,no,,,,yes,2026-06-23T11:14:20Z,2026-08-22T12:47:06Z
it-luiss-triage-00332,it-luiss,https://www.luiss.it/,https://www.luiss.it/it/ateneo/luiss-life/career-service,Career Service,unknown,unknown_requires_review,not_determinable,yes,no,,,,yes,2026-06-23T11:14:20Z,2026-08-22T12:47:06Z
it-luiss-triage-00333,it-luiss,https://www.luiss.it/,https://www.luiss.it/it/ateneo/luiss-life/biblioteca,Biblioteca,unknown,generic_institutional_page,low,no,yes,Generic institutional or service-page signal without competition signal.,,biblioteca,yes,2026-06-23T11:14:20Z,2026-08-22T12:47:06Z
it-luiss-triage-00334,it-luiss,https://www.luiss.it/,https://www.luiss.it/it/ateneo/luiss-life/sport,Sport,unknown,unknown_requires_review,not_determinable,yes,no,,,,yes,2026-06-23T11:14:20Z,2026-08-22T12:47:06Z
it-luiss-triage-00335,it-luiss,https://www.luiss.it/,https://www.luiss.it/it/ateneo/luiss-life/alumni,Alumni,unknown,unknown_requires_review,not_determinable,yes,no,,,,yes,2026-06-23T11:14:20Z,2026-08-22T12:47:06Z
it-luiss-triage-00336,it-luiss,https://www.luiss.it/,https://www.luiss.it/it/ateneo/luiss-life/hub-e-sedi,Hub e Sedi,unknown,unknown_requires_review,not_determinable,yes,no,,,,yes,2026-06-23T11:14:20Z,2026-08-22T12:47:06Z
it-luiss-triage-00337,it-luiss,https://www.luiss.it/,https://www.luiss.it/#menu-level-item-f370461e-d52c-40d8-9210-e5ceb7220571,ESG,unknown,unknown_requires_review,not_determinable,yes,no,,,,yes,2026-06-23T11:14:20Z,2026-08-22T12:47:06Z
it-luiss-triage-00338,it-luiss,https://www.luiss.it/,https://www.luiss.it/it/ateneo/esg,ESG in Luiss Overview,unknown,unknown_requires_review,not_determinable,yes,no,,,,yes,2026-06-23T11:14:20Z,2026-08-22T12:47:06Z
it-luiss-triage-00339,it-luiss,https://www.luiss.it/,https://www.luiss.it/it/ateneo/esg/sostenibilita-ambientale,Sostenibilità ambientale,unknown,unknown_requires_review,not_determinable,yes,no,,,,yes,2026-06-23T11:14:20Z,2026-08-22T12:47:06Z
it-luiss-triage-00340,it-luiss,https://www.luiss.it/,https://www.luiss.it/it/ateneo/esg/progetti-e-aree-di-intervento,Progetti e aree di intervento,unknown,unknown_requires_review,not_determinable,yes,no,,,,yes,2026-06-23T11:14:20Z,2026-08-22T12:47:06Z
