document_id,procedure_id,document_type,title,source_url,publication_date,retrieval_date,file_hash,text_hash,version,official_source_flag,notes
ACU-PILOT-0001-DOC-01,ACU-PILOT-0001,acts_approval,Approvazione Atti,https://bandi.unibo.it/s/apos5/rif-3282-bando-per-1-posto-da-ricercatore-a-tempo-determinato-tipo-rtt-dipartimento-dimevet-gsd-06-meds-26-bo/esiti/approvazione-atti/%40%40download/file/Approvazione%20atti.pdf,,2026-04-26,,,v1,true,Official PDF link present on source page; file not downloaded in this step.
ACU-PILOT-0001-DOC-02,ACU-PILOT-0001,call_notice,06/MEDS-26 - RTT - BANDO,https://bandi.unibo.it/s/apos5/rif-3282-bando-per-1-posto-da-ricercatore-a-tempo-determinato-tipo-rtt-dipartimento-dimevet-gsd-06-meds-26-bo/bando/rif-3282-06-meds-26-rtt-bando.pdf/%40%40download/file/Rif.%203282%20-%2006.MEDS-26%20-%20RTT%20-%20BANDO.pdf,,2026-04-26,,,v1,true,Documento ufficiale raggiungibile da pagina Rif. 3282.
ACU-PILOT-0001-DOC-03,ACU-PILOT-0001,call_notice,06/MEDS-26 - RTT - CALL,https://bandi.unibo.it/s/apos5/rif-3282-bando-per-1-posto-da-ricercatore-a-tempo-determinato-tipo-rtt-dipartimento-dimevet-gsd-06-meds-26-bo/call-for-application/rif-3282-06-meds-26-rtt-call.pdf/%40%40download/file/Rif.%203282%20-%2006.MEDS-26%20-%20RTT%20-%20CALL.pdf,,2026-04-26,,,v1,true,English call/application version of the call notice.
ACU-PILOT-0001-DOC-04,ACU-PILOT-0001,committee_appointment,Nomina Commissione,https://bandi.unibo.it/s/apos5/rif-3282-bando-per-1-posto-da-ricercatore-a-tempo-determinato-tipo-rtt-dipartimento-dimevet-gsd-06-meds-26-bo/documenti/nomina-commissione.pdf/%40%40download/file/nomina%20commissione.pdf,,2026-04-26,,,v1,true,Documento ufficiale raggiungibile da pagina Rif. 3282.
ACU-PILOT-0001-DOC-05,ACU-PILOT-0001,evaluation_criteria,Criteri di valutazione della commissione,https://bandi.unibo.it/s/apos5/rif-3282-bando-per-1-posto-da-ricercatore-a-tempo-determinato-tipo-rtt-dipartimento-dimevet-gsd-06-meds-26-bo/%40%40download/criteri/Criteri%20di%20valutazione.pdf,,2026-04-26,,,v1,true,Documento ufficiale raggiungibile da pagina Rif. 3282.
ACU-PILOT-0002-DOC-01,ACU-PILOT-0002,acts_approval,Approvazione atti,https://bandi.unibo.it/s/apos5/rif-853-bando-per-1-posto-da-ricercatore-a-tempo-determinato-tipo-rtt-ficlit-gsd-10-glot-01-ssd-glot-01-a-bo/esiti/approvazione-atti/%40%40download/file/Approvazione%20atti.pdf,,2026-04-26,,,v1,true,Publication date of this attachment not clearly shown on the source page.
ACU-PILOT-0002-DOC-02,ACU-PILOT-0002,call_notice,GLOT-01/A - RTT - BANDO,https://bandi.unibo.it/s/apos5/rif-853-bando-per-1-posto-da-ricercatore-a-tempo-determinato-tipo-rtt-ficlit-gsd-10-glot-01-ssd-glot-01-a-bo/bando/rif-853-glot-01-a-ex-l-lin-01-rtt-bando.pdf/%40%40download/file/Rif.%20853%20-%20GLOT-01.A%20%28ex%20L-LIN.01%29%20-%20RTT%20-%20BANDO.pdf,,2026-04-26,,,v1,true,Publication date of this attachment not clearly shown on the source page.
ACU-PILOT-0002-DOC-03,ACU-PILOT-0002,call_notice,GLOT-01/A - RTT - CALL,https://bandi.unibo.it/s/apos5/rif-853-bando-per-1-posto-da-ricercatore-a-tempo-determinato-tipo-rtt-ficlit-gsd-10-glot-01-ssd-glot-01-a-bo/call-for-application/rif-853-glot-01-a-ex-l-lin-01-rtt-call.pdf/%40%40download/file/Rif.%20853%20-%20GLOT-01.A%20%28ex%20L-LIN.01%29%20-%20RTT%20-%20CALL.pdf,,2026-04-26,,,v1,true,English call/application version of the call notice. Publication date of this attachment not clearly shown on the source page.
ACU-PILOT-0002-DOC-04,ACU-PILOT-0002,committee_appointment,Nomina Commissione,https://bandi.unibo.it/s/apos5/rif-853-bando-per-1-posto-da-ricercatore-a-tempo-determinato-tipo-rtt-ficlit-gsd-10-glot-01-ssd-glot-01-a-bo/documenti/nomina-commissione.pdf/%40%40download/file/nomina%20commissione.pdf,,2026-04-26,,,v1,true,Publication date of this attachment not clearly shown on the source page.
ACU-PILOT-0002-DOC-05,ACU-PILOT-0002,evaluation_criteria,Criteri di valutazione della commissione,https://bandi.unibo.it/s/apos5/rif-853-bando-per-1-posto-da-ricercatore-a-tempo-determinato-tipo-rtt-ficlit-gsd-10-glot-01-ssd-glot-01-a-bo/%40%40download/criteri/CRITERI%20VALUTAZIONE%20CANDIDATI_firmato.pdf,,2026-04-26,,,v1,true,Publication date of this attachment not clearly shown on the source page.
ACU-PILOT-0006-DOC-01,ACU-PILOT-0006,acts_approval,Approvazione Atti (RTT) R10_2025 - INFO-01A - DEMACS,https://unical.portaleamministrazionetrasparente.it/archivio22_bandi-di-concorso_0_30084_874_1.html,2025-12-09,2026-04-26,,,v1,true,Publication date recorded from the official Unical source listing.
ACU-PILOT-0006-DOC-02,ACU-PILOT-0006,call_notice,BANDO,https://unical.portaleamministrazionetrasparente.it/archivio22_bandi-di-concorso_0_30084_874_1.html,2025-07-24,2026-04-26,,,v1,true,Publication date recorded from the official Unical source listing.
ACU-PILOT-0006-DOC-03,ACU-PILOT-0006,other,Kit Commissioni,https://unical.portaleamministrazionetrasparente.it/archivio22_bandi-di-concorso_0_30084_874_1.html,2025-09-04,2026-04-26,,,v1,true,administrative/commission support package; document type not separately represented in current taxonomy. Publication date recorded from the official Unical source listing.
ACU-PILOT-0006-DOC-04,ACU-PILOT-0006,committee_appointment,Nomina Commissione - RTT - DEMACS - INFO01A,https://unical.portaleamministrazionetrasparente.it/archivio22_bandi-di-concorso_0_30084_874_1.html,2025-09-29,2026-04-26,,,v1,true,Publication date recorded from the official Unical source listing.
ACU-PILOT-0006-DOC-05,ACU-PILOT-0006,evaluation_criteria,CRITERI - R10_2025 - INFO_01_A,https://unical.portaleamministrazionetrasparente.it/archivio22_bandi-di-concorso_0_30084_874_1.html,2025-11-03,2026-04-26,,,v1,true,Publication date recorded from the official Unical source listing.
ACU-PILOT-0006-DOC-06,ACU-PILOT-0006,other,Convocazione Discussione Pubblica (RTT) INFO_01A - DEMACS,https://unical.portaleamministrazionetrasparente.it/archivio22_bandi-di-concorso_0_30084_874_1.html,2025-11-26,2026-04-26,,,v1,true,public discussion notice; document type not separately represented in current taxonomy. Publication date recorded from the official Unical source listing.
ACU-PILOT-0006-DOC-07,ACU-PILOT-0006,other,Giudizi (RTT) R10_2025 - INFO-01A - DEMACS,https://unical.portaleamministrazionetrasparente.it/archivio22_bandi-di-concorso_0_30084_874_1.html,2025-12-09,2026-04-26,,,v1,true,Classified as other pending direct inspection of attachment content to confirm whether it contains formal minutes/judgments. Publication date recorded from the official Unical source listing.
ACU-PILOT-0007-DOC-01,ACU-PILOT-0007,call_notice,BANDO,https://unical.portaleamministrazionetrasparente.it/archivio22_bandi-di-concorso_0_30322_874_1.html,2025-08-06,2026-04-26,,,v1,true,General call for six RTT positions under DR 1008/2025; includes R14_2025.
ACU-PILOT-0007-DOC-02,ACU-PILOT-0007,other,Kit Commissioni,https://unical.portaleamministrazionetrasparente.it/archivio22_bandi-di-concorso_0_30322_874_1.html,2025-09-04,2026-04-26,,,v1,true,Administrative/commission support package; document type not separately represented in current taxonomy.
ACU-PILOT-0007-DOC-03,ACU-PILOT-0007,committee_appointment,Nomina Commissioni - RTT - DEMACS - R14_2025 e R15_2025,https://unical.portaleamministrazionetrasparente.it/archivio22_bandi-di-concorso_0_30322_874_1.html,2025-09-15,2026-04-26,,,v1,true,Shared appointment document for R14_2025 and R15_2025.
ACU-PILOT-0007-DOC-04,ACU-PILOT-0007,evaluation_criteria,CRITERI - procedura R14_2025 (RTT) 01.MATH-03_MATH-03.A - DEMACS,https://unical.portaleamministrazionetrasparente.it/archivio22_bandi-di-concorso_0_30322_874_1.html,2025-10-06,2026-04-26,,,v1,true,Evaluation criteria document for R14_2025.
ACU-PILOT-0007-DOC-05,ACU-PILOT-0007,admission_list,Elenco Ammessi - Convocazione Discussione Pubblica - procedura R14_2025 (RTT) 01.MATH-03_MATH-03.A - DEMACS,https://unical.portaleamministrazionetrasparente.it/archivio22_bandi-di-concorso_0_30322_874_1.html,2025-10-30,2026-04-26,,,v1,true,Also includes public discussion notice.
ACU-PILOT-0007-DOC-06,ACU-PILOT-0007,acts_approval,Approvazione atti - R14_2025 (RTT) 01.MATH-03 - MATH-03.A - DEMACS,https://unical.portaleamministrazionetrasparente.it/archivio22_bandi-di-concorso_0_30322_874_1.html,2025-11-20,2026-04-26,,,v1,true,Publication date recorded from the official Unical source listing.
ACU-PILOT-0007-DOC-07,ACU-PILOT-0007,other,GIUDIZI - R14_2025 (RTT) 01.MATH-03 - MATH-03.A - DEMACS,https://unical.portaleamministrazionetrasparente.it/archivio22_bandi-di-concorso_0_30322_874_1.html,2025-11-20,2026-04-26,,,v1,true,Evaluation judgments document; current taxonomy has no dedicated evaluation_judgments type.
ACU-PILOT-0009-DOC-01,ACU-PILOT-0009,call_notice,BANDO,https://unical.portaleamministrazionetrasparente.it/archivio22_bandi-di-concorso_0_30322_874_1.html,2025-08-06,2026-04-26,,,v1,true,General call for six RTT positions under DR 1008/2025; includes R15_2025.
ACU-PILOT-0009-DOC-02,ACU-PILOT-0009,other,Kit Commissioni,https://unical.portaleamministrazionetrasparente.it/archivio22_bandi-di-concorso_0_30322_874_1.html,2025-09-04,2026-04-26,,,v1,true,Administrative/commission support package; document type not separately represented in current taxonomy.
ACU-PILOT-0009-DOC-03,ACU-PILOT-0009,committee_appointment,Nomina Commissioni - RTT - DEMACS - R14_2025 e R15_2025,https://unical.portaleamministrazionetrasparente.it/archivio22_bandi-di-concorso_0_30322_874_1.html,2025-09-15,2026-04-26,,,v1,true,Shared appointment document for R14_2025 and R15_2025.
ACU-PILOT-0009-DOC-04,ACU-PILOT-0009,evaluation_criteria,CRITERI - procedura_R15_2025 - RTT - 02_PHYS-06_PHYS-06.B - DEMACS,https://unical.portaleamministrazionetrasparente.it/archivio22_bandi-di-concorso_0_30322_874_1.html,2025-09-18,2026-04-26,,,v1,true,Evaluation criteria document for R15_2025.
ACU-PILOT-0009-DOC-05,ACU-PILOT-0009,admission_list,Elenco Ammessi - Convocazione Discussione Pubblica - Procedura R15_2025 (RTT) 02.PHYS-06_PHYS-06.B - DEMACS,https://unical.portaleamministrazionetrasparente.it/archivio22_bandi-di-concorso_0_30322_874_1.html,2025-10-01,2026-04-26,,,v1,true,Also includes public discussion notice.
ACU-PILOT-0009-DOC-06,ACU-PILOT-0009,acts_approval,Approvazione atti - R15_2025 (RTT) 02.PHYS-06_PHYS-06.B - DEMACS,https://unical.portaleamministrazionetrasparente.it/archivio22_bandi-di-concorso_0_30322_874_1.html,2025-10-16,2026-04-26,,,v1,true,Publication date recorded from the official Unical source listing.
ACU-PILOT-0009-DOC-07,ACU-PILOT-0009,other,GIUDIZI - R15_2025 (RTT) 02.PHYS-06_PHYS-06.B - DEMACS,https://unical.portaleamministrazionetrasparente.it/archivio22_bandi-di-concorso_0_30322_874_1.html,2025-10-16,2026-04-26,,,v1,true,Evaluation judgments document; current taxonomy has no dedicated evaluation_judgments type.
ACU-PILOT-0010-DOC-01,ACU-PILOT-0010,call_notice,BANDO,https://unical.portaleamministrazionetrasparente.it/archivio22_bandi-di-concorso_0_30322_874_1.html,2025-08-06,2026-04-26,,,v1,true,General call for six RTT positions under DR 1008/2025; includes R12_2025.
ACU-PILOT-0010-DOC-02,ACU-PILOT-0010,other,Kit Commissioni,https://unical.portaleamministrazionetrasparente.it/archivio22_bandi-di-concorso_0_30322_874_1.html,2025-09-04,2026-04-26,,,v1,true,Administrative/commission support package; document type not separately represented in current taxonomy.
ACU-PILOT-0010-DOC-03,ACU-PILOT-0010,committee_appointment,Nomina Commissione - RTT - DIAM_R12_2025,https://unical.portaleamministrazionetrasparente.it/archivio22_bandi-di-concorso_0_30322_874_1.html,2025-09-05,2026-04-26,,,v1,true,Commission appointment document for R12_2025.
ACU-PILOT-0010-DOC-04,ACU-PILOT-0010,evaluation_criteria,CRITERI - procedura R 12_2025- RTT -08_CEAR_01-CEAR_01_B - DIAm,https://unical.portaleamministrazionetrasparente.it/archivio22_bandi-di-concorso_0_30322_874_1.html,2025-09-26,2026-04-26,,,v1,true,Evaluation criteria document for R12_2025.
ACU-PILOT-0010-DOC-05,ACU-PILOT-0010,admission_list,Elenco Ammessi - Convocazione Discussione Pubblica - Procedura R12_2025 (RTT) 08_CEAR_01-CEAR_01_B - DIAM,https://unical.portaleamministrazionetrasparente.it/archivio22_bandi-di-concorso_0_30322_874_1.html,2025-10-07,2026-04-26,,,v1,true,Also includes public discussion notice.
ACU-PILOT-0010-DOC-06,ACU-PILOT-0010,acts_approval,Approvazione atti - R12_2025 (RTT) 08_CEAR_01-CEAR_01_B - DIAM,https://unical.portaleamministrazionetrasparente.it/archivio22_bandi-di-concorso_0_30322_874_1.html,2025-10-22,2026-04-26,,,v1,true,Publication date recorded from the official Unical source listing.
ACU-PILOT-0010-DOC-07,ACU-PILOT-0010,other,GIUDIZI - R12_2025 (RTT) 08_CEAR_01-CEAR_01_B - DIAM,https://unical.portaleamministrazionetrasparente.it/archivio22_bandi-di-concorso_0_30322_874_1.html,2025-10-22,2026-04-26,,,v1,true,Evaluation judgments document; current taxonomy has no dedicated evaluation_judgments type.
ACU-PILOT-0008-DOC-01,ACU-PILOT-0008,call_notice,BANDO: dr_561_del_12_05_2025_bando1_professoreordinarioart18comma1_dibest.pdf,https://unical.portaleamministrazionetrasparente.it/archivio22_bandi-di-concorso_0_28522_874_1.html,2025-05-12,2026-04-26,,,v1,true,"Call notice for one first-fascia professor position under art. 18, comma 1, L. 240/2010."
ACU-PILOT-0008-DOC-02,ACU-PILOT-0008,committee_appointment,Nomina Commissione - Professore Prima Fascia - DIBEST - Biochimica,https://unical.portaleamministrazionetrasparente.it/archivio22_bandi-di-concorso_0_28522_874_1.html,2025-07-14,2026-04-26,,,v1,true,Commission appointment document. The same PDF may also appear in the attachments section.
ACU-PILOT-0008-DOC-03,ACU-PILOT-0008,other,Kit Commissioni,https://unical.portaleamministrazionetrasparente.it/archivio22_bandi-di-concorso_0_28522_874_1.html,2025-07-29,2026-04-26,,,v1,true,Administrative/commission support package; document type not separately represented in current taxonomy.
ACU-PILOT-0008-DOC-04,ACU-PILOT-0008,evaluation_criteria,Criteri - Verbale 1 - Procedura PO_5_2025,https://unical.portaleamministrazionetrasparente.it/archivio22_bandi-di-concorso_0_28522_874_1.html,2025-09-03,2026-04-26,,,v1,true,Criteria / first minutes document for PO_5_2025.
ACU-PILOT-0008-DOC-05,ACU-PILOT-0008,acts_approval,Approvazione Atti - PO_5_2025 - BIOS 07 A - Biochimica,https://unical.portaleamministrazionetrasparente.it/archivio22_bandi-di-concorso_0_28522_874_1.html,2025-09-23,2026-04-26,,,v1,true,Publication date recorded from the official Unical source listing.
ACU-PILOT-0008-DOC-06,ACU-PILOT-0008,other,GIUDIZI - PO_5_2025 - BIOS 07 A - Biochimica,https://unical.portaleamministrazionetrasparente.it/archivio22_bandi-di-concorso_0_28522_874_1.html,2025-09-23,2026-04-26,,,v1,true,Evaluation judgments document; current taxonomy has no dedicated evaluation_judgments type.
