university_id,source_url,discovery_depth,parent_url,link_url,link_text,link_type_hint,same_domain,keyword_match,confidence_level,requires_human_attention,blocking_status,notes,observed_at_utc
it-unirc,https://www.unirc.it/,0,https://www.unirc.it/,https://www.unirc.it/#content,Salta al contenuto principale,unknown,yes,no,low,yes,needs_human_review,Observed on approved source page with bounded discovery controls.,2026-05-18T14:20:17Z
it-unirc,https://www.unirc.it/,0,https://www.unirc.it/,https://www.unirc.it/ateneo/dipartimenti,Dipartimenti,unknown,yes,no,low,yes,needs_human_review,Observed on approved source page with bounded discovery controls.,2026-05-18T14:20:17Z
it-unirc,https://www.unirc.it/,0,https://www.unirc.it/,https://www.unirc.it/studiare/iscrizioni-e-immatricolazioni,Immatricolazioni 2025/2026,unknown,yes,no,low,yes,needs_human_review,Observed on approved source page with bounded discovery controls.,2026-05-18T14:20:17Z
it-unirc,https://www.unirc.it/,0,https://www.unirc.it/,https://www.unirc.it/studiare/servizi-studenti,Servizi studenti,unknown,yes,no,low,yes,needs_human_review,Observed on approved source page with bounded discovery controls.,2026-05-18T14:20:17Z
it-unirc,https://www.unirc.it/,0,https://www.unirc.it/,https://www.unirc.it/studiare/iscrizioni-e-immatricolazioni/segreterie,Segreteria studenti,unknown,yes,no,low,yes,needs_human_review,Observed on approved source page with bounded discovery controls.,2026-05-18T14:20:17Z
it-unirc,https://www.unirc.it/,0,https://www.unirc.it/,https://www.unirc.it/studiare/orientamento,Orientamento,unknown,yes,no,low,yes,needs_human_review,Observed on approved source page with bounded discovery controls.,2026-05-18T14:20:17Z
it-unirc,https://www.unirc.it/,0,https://www.unirc.it/,https://www.unirc.it/tutte-le-notizie,News Eventi Avvisi,unknown,yes,no,low,yes,needs_human_review,Observed on approved source page with bounded discovery controls.,2026-05-18T14:20:17Z
it-unirc,https://www.unirc.it/,0,https://www.unirc.it/,https://www.instagram.com/unircmedi/,Instagram,unknown,no,no,low,yes,needs_human_review,Observed on approved source page with bounded discovery controls.,2026-05-18T14:20:17Z
it-unirc,https://www.unirc.it/,0,https://www.unirc.it/,https://whatsapp.com/channel/0029Vb4MdRTKAwEkzANHNB3p,Whatsapp,unknown,no,no,low,yes,needs_human_review,Observed on approved source page with bounded discovery controls.,2026-05-18T14:20:17Z
it-unirc,https://www.unirc.it/,0,https://www.unirc.it/,https://www.facebook.com/unircmedi/,Facebook,unknown,no,no,low,yes,needs_human_review,Observed on approved source page with bounded discovery controls.,2026-05-18T14:20:17Z
it-unirc,https://www.unirc.it/,0,https://www.unirc.it/,https://t.me/unircmedi,Telegram,unknown,no,no,low,yes,needs_human_review,Observed on approved source page with bounded discovery controls.,2026-05-18T14:20:17Z
it-unirc,https://www.unirc.it/,0,https://www.unirc.it/,https://x.com/UniRCMedi,X,unknown,no,no,low,yes,needs_human_review,Observed on approved source page with bounded discovery controls.,2026-05-18T14:20:17Z
it-unirc,https://www.unirc.it/,0,https://www.unirc.it/,https://www.youtube.com/UniRCTV,YouTube,unknown,no,no,low,yes,needs_human_review,Observed on approved source page with bounded discovery controls.,2026-05-18T14:20:17Z
it-unirc,https://www.unirc.it/,0,https://www.unirc.it/,https://unirc.esse3.cineca.it,ESSE3,unknown,no,no,low,yes,needs_human_review,Observed on approved source page with bounded discovery controls.,2026-05-18T14:20:17Z
it-unirc,https://www.unirc.it/,0,https://www.unirc.it/,https://www.unirc.it/rubrica,RUBRICA,unknown,yes,no,low,yes,needs_human_review,Observed on approved source page with bounded discovery controls.,2026-05-18T14:20:17Z
it-unirc,https://www.unirc.it/,0,https://www.unirc.it/,https://outlook.office365.com/mail/,webmail,unknown,no,no,low,yes,needs_human_review,Observed on approved source page with bounded discovery controls.,2026-05-18T14:20:17Z
it-unirc,https://www.unirc.it/,0,https://www.unirc.it/,https://www.international.unirc.it/,EN,unknown,no,no,low,yes,needs_human_review,Observed on approved source page with bounded discovery controls.,2026-05-18T14:20:17Z
it-unirc,https://www.unirc.it/,0,https://www.unirc.it/,https://www.unirc.it/,,unknown,yes,no,low,yes,needs_human_review,Observed on approved source page with bounded discovery controls.,2026-05-18T14:20:17Z
it-unirc,https://www.unirc.it/,0,https://www.unirc.it/,https://www.unirc.it/corsi/offerta-formativa,Offerta formativa,unknown,yes,no,low,yes,needs_human_review,Observed on approved source page with bounded discovery controls.,2026-05-18T14:20:17Z
it-unirc,https://www.unirc.it/,0,https://www.unirc.it/,https://www.unirc.it/corsi/lauree-triennali,Lauree triennali,unknown,yes,no,low,yes,needs_human_review,Observed on approved source page with bounded discovery controls.,2026-05-18T14:20:17Z
it-unirc,https://www.unirc.it/,0,https://www.unirc.it/,https://www.unirc.it/corsi/lauree-magistrali,Lauree magistrali,unknown,yes,no,low,yes,needs_human_review,Observed on approved source page with bounded discovery controls.,2026-05-18T14:20:17Z
it-unirc,https://www.unirc.it/,0,https://www.unirc.it/,https://www.unirc.it/corsi/lauree-ciclo-unico,Lauree a ciclo unico,unknown,yes,no,low,yes,needs_human_review,Observed on approved source page with bounded discovery controls.,2026-05-18T14:20:17Z
it-unirc,https://www.unirc.it/,0,https://www.unirc.it/,https://www.unirc.it/corsi/formazione-post-laurea,Formazione post Laurea,unknown,yes,no,low,yes,needs_human_review,Observed on approved source page with bounded discovery controls.,2026-05-18T14:20:17Z
it-unirc,https://www.unirc.it/,0,https://www.unirc.it/,https://www.unirc.it/corsi/formazione-insegnanti,Formazione insegnanti,unknown,yes,no,low,yes,needs_human_review,Observed on approved source page with bounded discovery controls.,2026-05-18T14:20:17Z
it-unirc,https://www.unirc.it/,0,https://www.unirc.it/,https://www.unirc.it/corsi/percorsi-formativi-dipendenti-pubblici,Percorsi formativi per dipendenti pubblici,unknown,yes,no,low,yes,needs_human_review,Observed on approved source page with bounded discovery controls.,2026-05-18T14:20:17Z
it-unirc,https://www.unirc.it/,0,https://www.unirc.it/,https://www.unirc.it/studiare/avvisi,Avvisi - studiare,unknown,yes,no,low,yes,needs_human_review,Observed on approved source page with bounded discovery controls.,2026-05-18T14:20:17Z
it-unirc,https://www.unirc.it/,0,https://www.unirc.it/,https://www.unirc.it/studiare/carriera-dello-studente,Carriera dello studente,unknown,yes,no,low,yes,needs_human_review,Observed on approved source page with bounded discovery controls.,2026-05-18T14:20:17Z
it-unirc,https://www.unirc.it/,0,https://www.unirc.it/,https://www.unirc.it/studiare/diritto-allo-studio,Diritto allo studio,unknown,yes,no,low,yes,needs_human_review,Observed on approved source page with bounded discovery controls.,2026-05-18T14:20:17Z
it-unirc,https://www.unirc.it/,0,https://www.unirc.it/,https://www.unirc.it/studiare/rappresentanze-studentesche,Rappresentanze studentesche,unknown,yes,no,low,yes,needs_human_review,Observed on approved source page with bounded discovery controls.,2026-05-18T14:20:17Z
it-unirc,https://www.unirc.it/,0,https://www.unirc.it/,https://www.unirc.it/studiare/esami-di-stato,Esami di Stato,unknown,yes,no,low,yes,needs_human_review,Observed on approved source page with bounded discovery controls.,2026-05-18T14:20:17Z
it-unirc,https://www.unirc.it/,0,https://www.unirc.it/,https://www.unirc.it/studiare/verso-il-lavoro-job-placement,Verso il lavoro: job placement,unknown,yes,no,low,yes,needs_human_review,Observed on approved source page with bounded discovery controls.,2026-05-18T14:20:17Z
it-unirc,https://www.unirc.it/,0,https://www.unirc.it/,https://www.unirc.it/ricerca/la-ricerca-ateneo,La ricerca in Ateneo,unknown,yes,no,low,yes,needs_human_review,Observed on approved source page with bounded discovery controls.,2026-05-18T14:20:17Z
it-unirc,https://www.unirc.it/,0,https://www.unirc.it/,https://iris.unirc.it/,Prodotti della ricerca,unknown,no,no,low,yes,needs_human_review,Observed on approved source page with bounded discovery controls.,2026-05-18T14:20:17Z
it-unirc,https://www.unirc.it/,0,https://www.unirc.it/,https://www.unirc.it/ricerca/la-ricerca-ateneo/fonti-di-finanziamento,Fonti di finanziamento,unknown,yes,no,low,yes,needs_human_review,Observed on approved source page with bounded discovery controls.,2026-05-18T14:20:17Z
it-unirc,https://www.unirc.it/,0,https://www.unirc.it/,https://www.unirc.it/ricerca/laboratori-strumentali,Laboratori strumentali,unknown,yes,no,low,yes,needs_human_review,Observed on approved source page with bounded discovery controls.,2026-05-18T14:20:17Z
it-unirc,https://www.unirc.it/,0,https://www.unirc.it/,https://www.unirc.it/ricerca/laboratori-non-strumentali-e-centri-studio,Laboratori non strumentali e Centri studio,unknown,yes,no,low,yes,needs_human_review,Observed on approved source page with bounded discovery controls.,2026-05-18T14:20:17Z
it-unirc,https://www.unirc.it/,0,https://www.unirc.it/,https://www.unirc.it/ricerca/ufficio-trasferimento-tecnologico,Ufficio Trasferimento Tecnologico,unknown,yes,no,low,yes,needs_human_review,Observed on approved source page with bounded discovery controls.,2026-05-18T14:20:17Z
it-unirc,https://www.unirc.it/,0,https://www.unirc.it/,https://www.unirc.it/ricerca/brevetti,Brevetti,unknown,yes,no,low,yes,needs_human_review,Observed on approved source page with bounded discovery controls.,2026-05-18T14:20:17Z
it-unirc,https://www.unirc.it/,0,https://www.unirc.it/,https://www.unirc.it/ricerca/spin-e-start,Spin -off e start-up,unknown,yes,no,low,yes,needs_human_review,Observed on approved source page with bounded discovery controls.,2026-05-18T14:20:17Z
it-unirc,https://www.unirc.it/,0,https://www.unirc.it/,https://www.unirc.it/ricerca/qualita-della-ricerca,Qualità della Ricerca,unknown,yes,no,low,yes,needs_human_review,Observed on approved source page with bounded discovery controls.,2026-05-18T14:20:17Z
